captain_id,name,age,city,rating
CP00001,Ritesh Chandra,28,Hyderabad,3.69
CP00002,Devansh Laghate,39,Bangalore,4.48
CP00003,Ojas Jain,32,Bangalore,3.99
CP00004,Yash Ranganathan,31,Bangalore,2.72
CP00005,Aryan Sethi,18,Bangalore,4.25
CP00006,Dhruv Malhotra,22,Hyderabad,3.1
CP00007,Riya Dutta,,Hyderabad,4.01
CP00008,Chaitanya Kapoor,27,Bangalore,4.94
,Abhinav Sethi,19,Hyderabad,3.64
CP00010,Hriday Chandra,20,Bangalore,2.94
CP00011,Pranav Agarwal,20,Bangalore,3.47
CP00012,Parth Luthra,,Hyderabad,2.55
CP00013,Zain Anand,33,Bangalore,4.85
CP00014,Shaan Bhatt,18,Bangalore,3.45
CP00661,Isha Vora,36,Bangalore,4.04
CP00016,Manav Shukla,25,Bangalore,3.03
CP00017,Darsh Shukla,33,Bangalore,2.51
CP00018,Akash Raina,36,Hyderabad,2.11
CP00019,Gaurav Jain,35,Hyderabad,3.54
CP00020,Kavya Yadav,18,Bangalore,2.4
,Madhav Jain,,Hyderabad,4.18
CP00022,Ivaan Tandon,31,Hyderabad,2.62
CP00023,Riya Dubey,19,Bangalore,4.59
CP00024,Ayaan Rao,32,Bangalore,4.05
CP00025,Jatin Mahajan,26,Bangalore,2.42
CP00026,Neha Mehta,23,Bangalore,2.42
CP00027,Jay Sinha,,Bangalore,3.51
CP00028,Arjun Kulkarni,22,Hyderabad,4.64
CP00029,Ansh Rathi,,Bangalore,2.72
CP00030,Devansh Jain,30,Bangalore,3.34
CP00031,Kunal Prasad,28,Bangalore,2.08
CP00032,Tanmay Puri,20,Bangalore,4.87
CP00033,Ansh Anand,,Hyderabad,2.36
CP00034,Arya Iyer,33,Hyderabad,2.65
CP00035,Manav Balan,31,Bangalore,3.84
,Abhinav Bedi,21,Bangalore,3.37
CP00037,Lakshya Sood,,Bangalore,4.45
CP00038,Devansh Agarwal,,Bangalore,4.54
,Krishna Bhalla,32,Bangalore,3.74
CP00040,Kabir Bansal,,Bangalore,3.31
CP00661,Vivaan Nair,34,Hyderabad,3.05
CP00042,Sakshi Menon,34,Hyderabad,2.95
CP00043,Riya Sharma,32,Bangalore,4.97
CP00044,Aniket Mathur,30,Hyderabad,3.64
CP00045,Parth Kulkarni,27,Bangalore,3.26
CP00046,Pranav Jain,41,Bangalore,2.44
,Mayank Malhotra,,Hyderabad,2.07
CP00048,Nihal Thakur,24,Bangalore,3.56
CP00049,Shruti Anand,19,Hyderabad,2.39
CP00050,Neha Nambiar,42,Bangalore,3.67
CP00051,Ananya Seth,33,Bangalore,4.06
,Uday Rajan,30,Hyderabad,3.47
CP00053,Rohan Rao,33,Bangalore,3.06
CP00054,Samar Sethi,18,Hyderabad,2.51
CP00055,Abhinav Bhatia,34,Bangalore,3.08
CP00056,Harsh Vohra,23,Bangalore,3.43
CP00057,Devansh Nair,37,Bangalore,4.92
CP00058,Arhaan Dey,41,Bangalore,4.45
CP00059,Ivaan Kaul,23,Bangalore,2.65
CP00060,Zain Balan,39,Bangalore,2.75
,Manav Kapoor,26,Hyderabad,2.3
CP00661,Ishaan Kapoor,31,Bangalore,4.7
CP00063,Arya Mehta,23,Hyderabad,4.8
CP00064,Ishaan Anand,,Bangalore,4.65
CP00065,Pranav Nanda,18,Hyderabad,3.32
CP00661,Darsh Dutta,38,Bangalore,2.51
CP00067,Yashwant Sethi,33,Bangalore,2.97
CP00661,Yuvraj Das,18,Hyderabad,2.65
CP00069,Yash Mehta,22,Hyderabad,3.48
CP00070,Jatin Dutta,23,Bangalore,3.57
CP00071,Vivaan Tandon,31,Bangalore,3.1
CP00072,Lakshya Malhotra,26,Bangalore,3.56
CP00661,Rohan Saini,,Bangalore,4.85
CP00074,Akash Wadhwa,19,Bangalore,2.19
CP00075,Parth Sinha,43,Bangalore,4.65
CP00661,Aarush Bhatt,28,Bangalore,4.3
CP00077,Saanvi Kulkarni,19,Bangalore,3.67
CP00078,Uday Mehta,42,Bangalore,3.45
CP00079,Falguni Kapoor,31,Bangalore,3.96
CP00080,Ansh Rao,27,Bangalore,4.75
CP00081,Manav Sinha,23,Bangalore,2.37
CP00082,Aarav Vohra,42,Hyderabad,3
CP00083,Nikhil Kaul,26,Bangalore,4.8
CP00084,Chaitanya Mahajan,21,Bangalore,4.67
CP00085,Falguni Bhatia,29,Bangalore,4.28
CP00086,Anvay Shukla,35,Bangalore,4.63
CP00087,Meera Yadav,33,Hyderabad,3.58
CP00088,Shaurya Bhatia,24,Bangalore,4.78
CP00089,Ayaan Nair,18,Hyderabad,3.15
CP00090,Arjun Chopra,21,Bangalore,3.8
CP00091,Raghav Singh,33,Bangalore,2.86
CP00661,Aarav Chatterjee,34,Hyderabad,3.05
CP00661,Kabir Bansal,21,Bangalore,3.55
CP00094,Pooja Saini,18,Bangalore,4.24
CP00095,Jay Chatterjee,24,Bangalore,4
CP00096,Chaitanya Chhabra,40,Bangalore,4.73
,Sahil Saxena,18,Hyderabad,4.77
CP00098,Kiara Bhargava,,Hyderabad,4
CP00099,Yash Kapoor,25,Bangalore,2.73
CP00100,Neha Bansal,,Bangalore,2.4
CP00101,Jatin Anand,31,Hyderabad,2.52
CP00102,Rohan Sood,,Bangalore,2.22
CP00103,Neha Sethi,30,Bangalore,3.21
CP00104,Ishita Iyer,28,Bangalore,3.4
CP00105,Varun Seth,24,Bangalore,2.86
CP00106,Om Rathi,43,Bangalore,4.65
CP00107,Rohan Bhatt,37,Bangalore,2.88
CP00108,Kiara Sethi,19,Bangalore,2.68
CP00109,Shruti Kaul,18,Hyderabad,4.4
CP00110,Dhriti Malhotra,36,Bangalore,3.71
CP00111,Shaurya Wadhwa,35,Bangalore,4.8
CP00112,Akash Mohan,28,Hyderabad,4.44
CP00113,Ivaan Mehra,26,Bangalore,2.22
CP00114,Pranav Kaul,33,Bangalore,4.08
CP00115,Sai Bansal,21,Bangalore,4.68
CP00661,Arnav Mohan,24,Hyderabad,4.83
CP00661,Esha Vohra,45,Hyderabad,3.63
CP00661,Arjun Ghosh,34,Bangalore,3.7
CP00119,Falguni Yadav,28,Bangalore,2.74
CP00120,Daksh Rajan,30,Bangalore,2.52
CP00121,Arhaan Sethi,32,Bangalore,3.86
CP00122,Falguni Bansal,45,Bangalore,4.26
CP00661,Falguni Prasad,,Hyderabad,3.96
CP00124,Hrithik Vora,20,Bangalore,2.9
CP00125,Gagan Saxena,,Hyderabad,3.07
CP00126,Anjali Verghese,33,Bangalore,3.66
CP00127,Esha Bedi,45,Bangalore,2.7
CP00128,Hrithik Khanna,19,Bangalore,4.54
CP00129,Pooja Kumar,29,Hyderabad,3.85
CP00130,Naman Raina,20,Bangalore,3.06
CP00131,Kavya Patel,41,Bangalore,3.72
CP00661,Luv Sethi,45,Bangalore,2.68
CP00133,Uday Ranganathan,22,Bangalore,3.1
CP00134,Zain Kumar,27,Bangalore,2.67
,Karan Raina,23,Hyderabad,4.18
CP00136,Chaitanya Das,26,Bangalore,4.4
CP00137,Dhruv Shukla,19,Hyderabad,2.08
CP00138,Ishaan Sinha,30,Hyderabad,2.21
CP00139,Arjun Chhabra,19,Bangalore,2.33
CP00140,Arya Agarwal,18,Hyderabad,3.75
CP00661,Sai Saxena,24,Bangalore,2.53
CP00661,Sai Bedi,39,Hyderabad,2.09
CP00143,Varun Agarwal,21,Hyderabad,3.25
CP00661,Daksh Naidu,34,Bangalore,4.8
CP00145,Omkar Rathi,23,Hyderabad,4.24
CP00661,Tanvi Naidu,,Bangalore,4.59
CP00147,Rehan Rao,24,Bangalore,2.73
CP00148,Kiara Dubey,29,Bangalore,2.78
CP00149,Ishaan Malhotra,39,Hyderabad,4.62
CP00150,Arya Bansal,,Bangalore,3.94
CP00151,Riya Singh,23,Bangalore,4.61
CP00152,Darsh Tandon,30,Bangalore,3.14
CP00153,Devansh Rathi,18,Hyderabad,4.66
CP00154,Jay Vora,35,Bangalore,4.99
CP00661,Omkar Tandon,29,Hyderabad,4.49
CP00156,Ritvik Khanna,21,Bangalore,4.57
CP00157,Raj Chhabra,32,Hyderabad,3.7
CP00158,Ishaan Rathi,38,Bangalore,4.48
CP00159,Ritvik Sood,26,Bangalore,2.42
CP00160,Vivaan Ghosh,33,Hyderabad,3.47
CP00161,Ritesh Choudhury,22,Bangalore,3.92
,Pranav Desai,,Bangalore,3.68
CP00163,Arhaan Saxena,,Hyderabad,4.69
CP00164,Aarohi Sinha,32,Hyderabad,4.02
CP00661,Om Agarwal,23,Bangalore,4.05
CP00166,Myra Wadhwa,35,Hyderabad,3.61
CP00167,Abhinav Malhotra,44,Bangalore,4.04
CP00168,Shruti Shetty,,Bangalore,3.1
CP00169,Kavya Sethi,20,Bangalore,2.21
CP00170,Aadhya Chandra,30,Bangalore,3.36
CP00171,Ayaan Sethi,25,Bangalore,3.98
CP00172,Uday Sharma,33,Bangalore,2.18
CP00173,Mayank Kaul,44,Bangalore,3.03
CP00174,Sahil Nambiar,31,Hyderabad,3.09
CP00175,Abhinav Anand,26,Hyderabad,3.56
CP00176,Kavya Bhatia,32,Bangalore,2.21
CP00177,Sahil Naidu,18,Bangalore,2.92
,Uday Bansal,32,Bangalore,2.27
CP00179,Priya Das,31,Bangalore,3.27
CP00180,Samar Nair,22,Hyderabad,3.05
CP00181,Jatin Rao,31,Hyderabad,3.82
CP00182,Keshav Iyer,19,Bangalore,3.78
CP00183,Rishabh Patel,34,Bangalore,4.87
,Eshan Khanna,23,Bangalore,4.7
CP00185,Ishaan Bhatia,23,Bangalore,4.96
,Daksh Trivedi,26,Hyderabad,2.64
CP00187,Shaurya Rao,28,Hyderabad,4.04
CP00188,Arya Sethi,,Hyderabad,4.62
CP00189,Advaith Nanda,34,Hyderabad,3.06
CP00190,Sakshi Mehta,22,Bangalore,3.41
CP00191,Saanvi Rajan,,Bangalore,2.65
CP00192,Riya Verghese,28,Bangalore,3.04
CP00193,Tanvi Bhargava,41,Hyderabad,4.77
CP00194,Varun Choudhury,30,Bangalore,3.64
CP00195,Harsh Khanna,45,Bangalore,2.02
CP00196,Hitesh Bhat,,Hyderabad,4.53
CP00197,Nikhil Jain,27,Bangalore,2.22
CP00198,Yuvraj Verma,30,Bangalore,3.34
CP00199,Raj Khandelwal,39,Hyderabad,4.39
CP00200,Ritvik Sethi,25,Bangalore,3.91
CP00201,Nikhil Raina,28,Bangalore,3.04
CP00202,Daksh Luthra,29,Bangalore,2.59
CP00203,Yash Wadhwa,19,Bangalore,3.82
,Aniket Dutta,18,Bangalore,2.18
CP00205,Nikhil Balan,19,Bangalore,4.75
CP00206,Aryan Nair,18,Bangalore,3.66
CP00661,Isha Dubey,22,Bangalore,3.47
CP00208,Vivaan Gupta,35,Hyderabad,4.84
CP00209,Vivaan Anand,27,Bangalore,2.55
CP00210,Shaan Tiwari,42,Bangalore,2.05
CP00211,Jatin Chhabra,25,Bangalore,3.84
CP00212,Kiara Anand,38,Hyderabad,4.25
CP00213,Aryan Vora,,Bangalore,4.01
,Sahil Dutta,33,Bangalore,2.36
,Ansh Jain,29,Hyderabad,2.88
CP00216,Vihaan Ghosh,32,Hyderabad,4.14
CP00217,Varun Verma,25,Hyderabad,2.66
CP00218,Manav Naidu,23,Bangalore,3.13
CP00219,Rehan Mahajan,18,Bangalore,3.41
CP00220,Parth Nanda,31,Bangalore,4.99
CP00221,Hitesh Jain,31,Bangalore,3.85
CP00222,Uday Sehgal,23,Hyderabad,3.5
CP00223,Vihaan Menon,18,Bangalore,4.03
CP00224,Devansh Joshi,21,Hyderabad,3.89
CP00225,Aditya Vohra,21,Bangalore,2.46
CP00226,Raj Mohan,22,Hyderabad,2.02
CP00227,Gagan Mathur,38,Hyderabad,2.08
CP00228,Gaurav Bhatt,25,Hyderabad,3.65
CP00229,Jay Verma,34,Hyderabad,3.01
CP00230,Sai Vora,,Bangalore,3.62
CP00231,Ujjwal Raina,26,Hyderabad,4.79
CP00232,Myra Trivedi,18,Bangalore,2.79
CP00233,Bhavya Malhotra,30,Hyderabad,4.45
CP00234,Priya Kulkarni,28,Hyderabad,4.65
CP00235,Nikhil Bhatt,20,Hyderabad,2.43
,Gaurav Kaul,34,Hyderabad,4.91
CP00237,Priya Chopra,31,Bangalore,4.99
CP00238,Dhruv Mahajan,,Hyderabad,4.71
CP00239,Ananya Vora,27,Bangalore,3.8
CP00240,Raghav Jain,,Bangalore,2.97
CP00241,Hriday Ranganathan,,Hyderabad,2.39
CP00242,Sakshi Gupta,34,Bangalore,2.96
CP00243,Tanmay Verghese,,Hyderabad,4.89
CP00244,Vivaan Bhatt,39,Bangalore,3.3
CP00245,Myra Menon,30,Bangalore,3.99
CP00246,Raghav Pillai,26,Bangalore,3.7
CP00247,Ayaan Choudhury,26,Bangalore,2.46
CP00248,Riya Dey,28,Bangalore,2.25
CP00249,Shaurya Tandon,25,Bangalore,3.61
,Tanish Bansal,21,Hyderabad,4.24
CP00251,Sahil Bansal,33,Bangalore,2.48
CP00252,Arya Tandon,22,Bangalore,3.9
CP00253,Kiara Sehgal,38,Bangalore,3.86
CP00254,Madhav Bedi,36,Bangalore,2.1
CP00255,Vedant Desai,35,Bangalore,3.34
CP00256,Varun Chandra,27,Bangalore,3.46
CP00661,Kabir Kapoor,32,Bangalore,4.99
CP00258,Vivaan Sood,29,Bangalore,4.43
CP00259,Bhavya Seth,27,Bangalore,4.25
CP00260,Saanvi Bhat,33,Bangalore,3.74
CP00261,Tanvi Agarwal,28,Bangalore,4.52
CP00262,Yashwant Goyal,34,Bangalore,2.25
CP00263,Abhinav Raina,,Hyderabad,3.93
CP00264,Arya Saxena,27,Hyderabad,4.57
,Rehan Yadav,26,Bangalore,4.3
CP00266,Hriday Patel,21,Bangalore,4.43
,Kunal Saini,,Bangalore,3.13
CP00268,Vedant Kaushik,20,Bangalore,2.77
CP00269,Eshan Luthra,38,Hyderabad,2.01
CP00270,Ansh Menon,28,Hyderabad,2.42
CP00271,Tejas Hegde,40,Bangalore,3.72
,Falguni Thakur,18,Bangalore,3.05
CP00273,Lakshya Kapoor,18,Bangalore,3.75
CP00274,Arhaan Pillai,29,Bangalore,3.71
CP00275,Aadhya Trivedi,22,Bangalore,2.2
CP00276,Harsh Thakur,42,Hyderabad,3.31
CP00277,Rehan Iyer,20,Bangalore,4.18
CP00661,Devansh Sehgal,30,Bangalore,3.73
CP00279,Chaitanya Seth,,Bangalore,4.37
CP00280,Manav Yadav,35,Hyderabad,3.48
CP00281,Darsh Khurana,34,Hyderabad,4.81
CP00282,Saanvi Bhalla,19,Bangalore,2.9
CP00283,Chaitanya Choudhary,20,Bangalore,4.78
CP00284,Omkar Goyal,28,Bangalore,2.41
CP00285,Aarush Kaushik,35,Bangalore,4.83
CP00286,Samar Mehta,32,Bangalore,3.48
CP00287,Naman Sehgal,35,Bangalore,4.22
CP00288,Samar Hegde,29,Bangalore,3.44
CP00661,Arnav Saini,42,Bangalore,3.65
CP00290,Rishabh Nair,28,Bangalore,2.04
CP00291,Ananya Agarwal,33,Bangalore,2.77
CP00292,Bhavya Khanna,23,Bangalore,3.35
,Yuvraj Saini,21,Bangalore,3.61
CP00294,Advaith Chandra,35,Hyderabad,4.43
CP00661,Kabir Nambiar,31,Bangalore,4.5
,Sakshi Wadhwa,25,Hyderabad,2.18
CP00297,Vivaan Rajan,21,Hyderabad,2.96
CP00298,Isha Jain,,Bangalore,3.67
CP00299,Tanya Vohra,28,Hyderabad,2.04
CP00300,Om Nair,,Bangalore,4.35
CP00661,Varun Chandra,23,Bangalore,4.13
CP00302,Tanmay Jain,27,Bangalore,4.24
CP00303,Rehan Sethi,27,Bangalore,2.94
,Omkar Kapoor,20,Hyderabad,2.58
CP00305,Hitesh Chatterjee,23,Bangalore,2.71
CP00306,Devansh Rao,22,Hyderabad,3.1
CP00307,Harsh Jain,34,Bangalore,4.08
CP00308,Sakshi Joshi,26,Bangalore,4.3
CP00309,Hriday Tiwari,22,Bangalore,4.03
CP00310,Zain Malhotra,24,Bangalore,4.95
CP00311,Tejas Kumar,19,Bangalore,2.65
CP00312,Meera Reddy,,Bangalore,4.43
CP00313,Vihaan Kapoor,,Bangalore,2.32
CP00314,Myra Choudhury,,Bangalore,3.28
CP00315,Aarohi Sinha,33,Bangalore,4.95
CP00316,Ayaan Rathi,27,Hyderabad,2.84
CP00661,Bhavya Puri,36,Bangalore,3.91
CP00318,Aarav Mathur,19,Bangalore,2.22
CP00319,Hriday Khanna,34,Bangalore,4.62
CP00320,Arnav Puri,35,Hyderabad,3
CP00321,Rishabh Joshi,44,Hyderabad,2.19
CP00661,Kabir Shukla,24,Bangalore,2.29
CP00323,Aarush Shukla,20,Bangalore,4.24
CP00324,Myra Bansal,24,Bangalore,3.28
CP00325,Rehan Bedi,31,Bangalore,2.57
CP00326,Sakshi Pillai,33,Hyderabad,4.86
CP00327,Aditya Ghosh,21,Bangalore,3.88
CP00328,Jay Choudhary,34,Bangalore,4.46
CP00329,Isha Kapoor,20,Hyderabad,2.63
CP00330,Rehan Laghate,29,Bangalore,4.42
CP00331,Krishna Nambiar,35,Hyderabad,2.8
CP00332,Tanya Bedi,41,Bangalore,3.21
CP00333,Yuvraj Seth,26,Hyderabad,3.68
CP00334,Chaitanya Anand,30,Hyderabad,3.71
CP00661,Ritesh Jain,34,Bangalore,4.45
CP00336,Darsh Kapoor,30,Bangalore,4.64
CP00337,Ansh Rao,29,Bangalore,4.65
CP00338,Manav Dutta,19,Bangalore,4.13
CP00339,Rehan Yadav,30,Bangalore,4.29
CP00340,Pranav Sharma,25,Bangalore,3.56
CP00661,Jatin Laghate,19,Bangalore,3.05
CP00342,Varun Choudhary,29,Bangalore,4.95
CP00343,Shaurya Puri,31,Bangalore,2.63
CP00344,Prithvi Khanna,28,Bangalore,4.13
CP00345,Zain Bansal,38,Hyderabad,3.02
CP00346,Advaith Dey,,Bangalore,4.59
CP00347,Prithvi Kapoor,24,Bangalore,3.76
CP00348,Ayaan Mathur,29,Bangalore,4.83
CP00349,Kavya Dubey,20,Bangalore,4.02
CP00350,Arya Das,23,Hyderabad,3.43
CP00351,Harsh Mehta,34,Bangalore,3.02
CP00352,Manav Rathi,28,Bangalore,4.74
,Tanmay Anand,36,Bangalore,4.69
CP00661,Kabir Kumar,23,Bangalore,3.47
CP00355,Manav Sehgal,21,Hyderabad,3.98
CP00356,Ishita Ghosh,19,Bangalore,4.4
,Ishita Sehgal,19,Hyderabad,4.62
CP00358,Priya Laghate,36,Bangalore,3.58
CP00359,Chaitanya Khurana,18,Hyderabad,3.52
CP00360,Zain Trivedi,42,Hyderabad,4.89
CP00361,Ananya Rathi,42,Bangalore,4.46
CP00362,Aniket Mahajan,33,Hyderabad,3.19
CP00363,Falguni Bansal,39,Bangalore,2.07
CP00661,Aditya Rajan,25,Bangalore,4.3
CP00365,Yashwant Jain,31,Bangalore,2.66
CP00366,Shaurya Patel,20,Bangalore,3.97
,Chaitanya Tandon,27,Hyderabad,3.2
CP00368,Gaurav Verghese,34,Hyderabad,3.27
,Uday Bhatt,41,Bangalore,3.51
CP00370,Arya Bansal,,Hyderabad,3.9
CP00371,Aarav Trivedi,32,Hyderabad,3.7
CP00372,Rohan Saxena,27,Bangalore,2.89
CP00373,Ritvik Trivedi,32,Hyderabad,2.74
,Prithvi Sinha,,Hyderabad,3.62
CP00375,Gaurav Nair,33,Hyderabad,3.66
CP00376,Aditya Choudhury,,Bangalore,3.06
CP00377,Kunal Puri,25,Hyderabad,4.02
CP00378,Dhriti Jain,37,Hyderabad,4.65
CP00379,Arhaan Kaul,23,Bangalore,3.06
CP00380,Tanya Jain,28,Bangalore,2.23
,Arhaan Bhat,27,Bangalore,3.84
CP00661,Ujjwal Agarwal,44,Bangalore,4.61
CP00383,Eshan Iyer,23,Bangalore,2.36
CP00384,Tanmay Desai,26,Bangalore,3.4
CP00385,Aarohi Mathur,45,Bangalore,4.19
CP00386,Ansh Dutta,24,Hyderabad,2.89
,Falguni Singh,23,Hyderabad,2.08
CP00388,Aadhya Saxena,,Bangalore,3.15
CP00389,Pooja Patel,23,Hyderabad,4.15
CP00390,Isha Kapoor,24,Bangalore,4.55
CP00391,Lakshya Tandon,18,Bangalore,4.08
CP00392,Om Nanda,,Bangalore,4.9
CP00393,Kunal Saxena,23,Bangalore,3.33
CP00394,Gaurav Dey,40,Hyderabad,3.95
CP00395,Falguni Ghosh,42,Hyderabad,2.77
CP00396,Arjun Gupta,35,Bangalore,3.26
CP00397,Diya Rao,21,Bangalore,3.16
CP00398,Shaan Saxena,25,Bangalore,3.04
CP00399,Hriday Mehta,25,Hyderabad,2.35
CP00400,Aadhya Khanna,33,Bangalore,2.51
CP00401,Manav Balan,33,Bangalore,3.78
CP00402,Shaan Mahajan,35,Bangalore,2.2
CP00403,Darsh Choudhary,33,Hyderabad,2.8
CP00404,Lakshya Khandelwal,33,Bangalore,4.48
CP00405,Manav Anand,18,Hyderabad,3.13
CP00406,Sakshi Thakur,43,Bangalore,2.11
,Kabir Shukla,18,Bangalore,3.69
CP00408,Pranav Khanna,34,Bangalore,2.91
CP00409,Hrithik Jain,28,Hyderabad,2.86
CP00410,Pooja Joshi,35,Hyderabad,4.22
CP00411,Krishna Laghate,25,Bangalore,4.36
CP00412,Yuvraj Mahajan,32,Hyderabad,4.72
CP00413,Abhinav Chopra,20,Bangalore,3.66
CP00414,Aryan Kumar,38,Bangalore,2.33
CP00415,Arya Malhotra,26,Bangalore,2.83
CP00416,Akash Mahajan,27,Bangalore,2.28
CP00417,Ojas Reddy,42,Bangalore,2.08
CP00418,Kunal Iyer,28,Bangalore,2.94
CP00419,Lakshya Patel,,Bangalore,2.16
CP00420,Gaurav Khurana,20,Bangalore,2.9
CP00421,Arhaan Rao,19,Bangalore,4.7
CP00422,Tanmay Gupta,25,Bangalore,3.05
CP00423,Daksh Iyer,20,Hyderabad,4.36
CP00424,Ritvik Thakur,43,Bangalore,2.06
CP00425,Vihaan Ghosh,38,Hyderabad,4.43
CP00426,Eshan Laghate,43,Bangalore,4.75
CP00427,Gagan Khanna,28,Bangalore,4.09
CP00428,Lakshya Joshi,27,Bangalore,2.41
CP00429,Gagan Bansal,29,Bangalore,4.51
CP00430,Karan Goyal,33,Bangalore,3.88
CP00431,Gaurav Tandon,34,Bangalore,3.44
CP00432,Raj Ghosh,35,Bangalore,3.24
CP00433,Arya Kaul,,Bangalore,4.29
,Tejas Hegde,36,Hyderabad,4.94
CP00435,Ishita Verma,18,Bangalore,3.77
CP00436,Gaurav Choudhary,,Hyderabad,4.62
,Samar Kaul,37,Bangalore,3.18
CP00438,Eshan Khurana,31,Hyderabad,2.56
CP00439,Sai Malhotra,,Bangalore,4.53
CP00440,Esha Gupta,20,Bangalore,4.12
CP00441,Ojas Tandon,27,Bangalore,2.47
CP00442,Kiara Yadav,37,Bangalore,3.02
,Ansh Rathi,40,Bangalore,2.19
CP00661,Ujjwal Rathi,28,Hyderabad,3.15
CP00445,Dhriti Dutta,21,Bangalore,2.84
CP00446,Kabir Mathur,21,Bangalore,2.63
CP00447,Vivaan Sharma,40,Bangalore,4.27
CP00448,Ivaan Saxena,35,Bangalore,3.49
CP00449,Falguni Saini,32,Bangalore,4.26
CP00450,Samar Gupta,45,Hyderabad,2.81
CP00451,Neha Mahajan,21,Bangalore,4.99
CP00452,Harsh Gupta,25,Hyderabad,4.95
CP00453,Nihal Bhatia,20,Hyderabad,4.67
CP00454,Kiara Joshi,22,Bangalore,3.7
CP00455,Vivaan Sehgal,31,Bangalore,3.93
CP00456,Saanvi Rathi,30,Bangalore,2.98
CP00457,Arjun Pillai,44,Bangalore,4.59
CP00458,Aryan Choudhury,37,Bangalore,3.2
CP00459,Priya Malhotra,26,Hyderabad,4.21
CP00460,Kabir Sharma,28,Bangalore,3.41
CP00461,Prithvi Mahajan,23,Hyderabad,4.21
,Ujjwal Mehta,,Hyderabad,4.17
CP00463,Pranav Mohan,,Bangalore,3.17
CP00464,Yash Yadav,23,Bangalore,2.79
CP00465,Rehan Mahajan,30,Hyderabad,3.71
CP00466,Aryan Raina,,Hyderabad,4.23
CP00467,Ojas Kaul,29,Bangalore,4.53
CP00468,Omkar Chandra,29,Hyderabad,3.09
CP00469,Kiara Choudhary,,Bangalore,4.85
CP00470,Shaurya Bansal,18,Hyderabad,2.56
CP00471,Neha Prasad,19,Bangalore,2.87
CP00472,Gaurav Dubey,34,Bangalore,4.11
CP00473,Shruti Nanda,,Bangalore,4.86
CP00474,Vedant Menon,30,Bangalore,2.61
CP00475,Akash Naidu,29,Bangalore,2.27
CP00476,Tanya Bhatia,28,Bangalore,4.66
CP00477,Darsh Naidu,31,Hyderabad,4.19
CP00478,Ivaan Gupta,34,Bangalore,2.18
CP00479,Dhriti Menon,32,Bangalore,3.39
CP00480,Arhaan Ranganathan,28,Bangalore,4.89
CP00481,Shaurya Pillai,31,Hyderabad,2.98
CP00482,Vivaan Dey,32,Bangalore,3
CP00483,Yuvraj Ghosh,35,Bangalore,2.77
CP00484,Parth Rao,42,Hyderabad,3.36
CP00485,Gaurav Rao,27,Hyderabad,4.79
CP00486,Devansh Nambiar,39,Bangalore,3.38
CP00487,Hrithik Thakur,19,Hyderabad,3.55
CP00488,Eshan Nair,34,Hyderabad,3.92
CP00489,Dhriti Vora,20,Bangalore,4.36
CP00490,Tanya Shukla,25,Bangalore,2.68
CP00491,Ayaan Rao,31,Hyderabad,3.82
CP00492,Tanvi Shukla,39,Hyderabad,3.84
CP00493,Isha Chhabra,,Bangalore,2.62
CP00494,Aryan Saxena,,Bangalore,4.8
,Advaith Iyer,23,Hyderabad,3.02
CP00496,Nihal Bhatia,18,Hyderabad,4.24
CP00497,Luv Rao,29,Hyderabad,3.79
CP00498,Kavya Rao,19,Bangalore,4.29
CP00499,Zain Saini,,Hyderabad,2.32
CP00500,Omkar Raina,35,Bangalore,4.35
CP00501,Lakshya Kapoor,27,Bangalore,2.99
CP00502,Ishita Mehta,26,Bangalore,2.41
CP00503,Vedant Saxena,29,Hyderabad,3.05
CP00504,Prithvi Wadhwa,18,Bangalore,2.33
CP00505,Kiara Rathi,33,Hyderabad,2.56
CP00506,Nikhil Trivedi,31,Bangalore,3.9
CP00507,Lakshya Rathi,30,Bangalore,4.32
CP00661,Shruti Mehra,20,Bangalore,2.55
CP00509,Hriday Tiwari,23,Hyderabad,3.95
CP00510,Om Sinha,19,Bangalore,3.2
CP00511,Ojas Nambiar,33,Bangalore,3.77
CP00512,Karan Saxena,25,Bangalore,3.81
CP00513,Lakshya Dutta,30,Hyderabad,4.5
CP00514,Varun Nair,29,Bangalore,4.6
CP00515,Chaitanya Dubey,20,Bangalore,4.18
CP00516,Omkar Ghosh,,Hyderabad,4.48
CP00517,Anvay Ranganathan,22,Hyderabad,4.41
CP00518,Mayank Prasad,18,Hyderabad,4.78
CP00519,Hriday Saxena,20,Bangalore,3.29
CP00520,Ojas Mathur,37,Hyderabad,2.21
CP00521,Shruti Bansal,29,Bangalore,2.83
,Kiara Khandelwal,33,Bangalore,4.23
CP00661,Meera Bansal,19,Bangalore,4.36
CP00524,Diya Shetty,44,Hyderabad,3.38
CP00525,Dhruv Nair,31,Bangalore,2.32
CP00661,Yash Sethi,,Bangalore,4.21
CP00527,Darsh Seth,34,Hyderabad,4.57
CP00528,Tejas Bhargava,40,Hyderabad,2.49
CP00529,Dhruv Mohan,18,Bangalore,4.41
,Tanmay Dey,22,Bangalore,3.05
CP00531,Samar Kapoor,32,Hyderabad,4.21
CP00532,Pooja Rao,39,Bangalore,4.48
CP00533,Riya Rathi,42,Bangalore,2.9
CP00534,Hrithik Puri,31,Hyderabad,4.04
CP00535,Chaitanya Bhatt,32,Bangalore,3.62
CP00536,Tejas Mehta,22,Bangalore,3.04
CP00537,Tanish Tiwari,30,Bangalore,3.85
CP00538,Parth Sinha,37,Bangalore,2.5
CP00539,Ritesh Saxena,45,Hyderabad,3.74
CP00540,Shruti Saini,23,Hyderabad,3.9
CP00541,Daksh Nair,28,Bangalore,3.62
CP00542,Isha Mehta,,Bangalore,2.11
CP00543,Bhavya Kulkarni,27,Bangalore,2.52
CP00544,Priya Singh,42,Bangalore,4.46
CP00545,Gaurav Seth,28,Hyderabad,3.5
,Arhaan Sethi,,Hyderabad,3.25
CP00547,Parth Saini,25,Hyderabad,3.2
CP00548,Falguni Mehra,28,Bangalore,2.28
CP00549,Parth Tiwari,31,Hyderabad,4.42
CP00550,Darsh Kapoor,33,Bangalore,3.76
CP00551,Nikhil Thakur,28,Bangalore,4.46
CP00552,Nikhil Saxena,20,Bangalore,2.4
CP00553,Kavya Sharma,41,Bangalore,2.18
CP00554,Raj Chopra,,Bangalore,2.28
CP00555,Yuvraj Rajan,21,Hyderabad,3.99
CP00556,Aryan Tandon,27,Hyderabad,4.83
CP00557,Saanvi Kapoor,40,Hyderabad,2.34
CP00558,Anvay Iyer,21,Hyderabad,2.41
CP00661,Prithvi Nambiar,28,Bangalore,2.61
CP00560,Mayank Singh,32,Bangalore,4.14
CP00561,Jay Bansal,28,Hyderabad,2.3
CP00562,Samar Nanda,18,Bangalore,4.56
CP00563,Gaurav Nair,22,Bangalore,2.23
CP00564,Priya Vohra,20,Bangalore,2.83
CP00565,Pranav Verghese,21,Hyderabad,2.73
CP00566,Raj Naidu,40,Bangalore,4.75
CP00567,Ishaan Mehta,22,Bangalore,2.56
CP00568,Aadhya Ghosh,35,Bangalore,3.78
CP00569,Esha Bedi,27,Bangalore,4.66
CP00570,Ritesh Rao,,Hyderabad,2.75
CP00571,Yashwant Anand,25,Hyderabad,2.91
CP00572,Kiara Iyer,19,Bangalore,3.89
CP00573,Omkar Kaul,27,Hyderabad,4.47
CP00574,Devansh Kapoor,,Bangalore,2.93
CP00575,Pranav Kaul,39,Bangalore,4.8
CP00576,Lakshya Kapoor,31,Bangalore,2.18
CP00577,Ritesh Kulkarni,,Bangalore,3.15
CP00578,Sahil Bhargava,30,Hyderabad,4.92
CP00579,Arnav Dey,41,Bangalore,2.65
CP00580,Uday Laghate,31,Bangalore,2.35
,Pranav Kapoor,,Bangalore,4.98
CP00582,Daksh Shetty,20,Bangalore,4.44
CP00583,Chaitanya Rathi,29,Hyderabad,3.26
,Akash Ghosh,26,Bangalore,2.11
CP00585,Samar Singh,24,Bangalore,4.03
CP00586,Dhruv Sehgal,44,Bangalore,2.06
CP00661,Kabir Dey,35,Bangalore,3.38
CP00588,Eshan Naidu,35,Hyderabad,3.81
CP00589,Sakshi Patel,26,Hyderabad,2.04
CP00590,Abhinav Khurana,23,Hyderabad,2.74
CP00591,Vihaan Sehgal,33,Bangalore,2.95
CP00592,Ansh Kaul,19,Bangalore,3.02
CP00593,Kavya Nair,19,Bangalore,2.58
CP00594,Aniket Mehta,44,Hyderabad,2.09
CP00595,Parth Saxena,23,Bangalore,3.33
CP00661,Varun Pillai,26,Bangalore,2.47
CP00597,Zain Sinha,18,Hyderabad,3.56
CP00598,Myra Kapoor,29,Bangalore,3.72
CP00599,Shruti Bansal,27,Bangalore,3.37
CP00600,Aryan Chopra,25,Bangalore,2.68
CP00601,Yash Joshi,28,Bangalore,3.33
CP00661,Aniket Goyal,28,Bangalore,2.6
CP00603,Kunal Dey,31,Hyderabad,2.37
CP00604,Rishabh Chatterjee,34,Bangalore,2.96
CP00661,Tanish Bedi,18,Bangalore,2.85
CP00606,Naman Patel,31,Bangalore,4.47
CP00607,Kavya Joshi,21,Bangalore,3
CP00608,Aryan Mehta,28,Bangalore,4.41
CP00609,Gaurav Kapoor,26,Bangalore,3.08
CP00610,Uday Anand,19,Bangalore,3.42
CP00611,Arnav Thakur,26,Bangalore,2.54
CP00612,Eshan Kapoor,18,Bangalore,4.77
CP00613,Om Nair,19,Bangalore,4.04
CP00614,Nihal Singh,21,Bangalore,2.07
CP00615,Rehan Kapoor,19,Hyderabad,3.16
CP00616,Uday Sethi,33,Bangalore,2.73
CP00617,Vivaan Ranganathan,43,Bangalore,3.52
CP00618,Ritesh Menon,44,Hyderabad,4.83
CP00619,Ananya Hegde,22,Bangalore,3.17
CP00620,Aarohi Thakur,,Bangalore,3.27
CP00621,Arnav Yadav,34,Bangalore,2.78
CP00622,Tanya Bhatia,31,Bangalore,2.43
CP00623,Gagan Rathi,18,Hyderabad,2.05
CP00624,Hitesh Verghese,34,Bangalore,4.58
CP00625,Hrithik Chandra,,Hyderabad,4.02
CP00626,Samar Prasad,45,Bangalore,4.03
CP00627,Shruti Kaul,32,Bangalore,3.07
,Jatin Balan,,Hyderabad,2.33
CP00629,Naman Dey,26,Bangalore,2.26
CP00630,Tanish Ranganathan,24,Bangalore,3.16
CP00631,Arya Vora,31,Bangalore,3.81
CP00632,Gaurav Nanda,31,Hyderabad,3.47
,Vivaan Chhabra,,Hyderabad,3.98
CP00634,Sakshi Saxena,27,Bangalore,3.09
CP00661,Meera Thakur,32,Hyderabad,4.68
CP00636,Aditya Jain,29,Bangalore,3.66
CP00637,Ritesh Kapoor,38,Bangalore,4.24
CP00661,Aryan Das,25,Bangalore,3.19
CP00639,Hrithik Bedi,18,Bangalore,4.72
CP00640,Aditya Khurana,23,Hyderabad,4.34
CP00641,Sahil Joshi,32,Bangalore,2.95
CP00642,Krishna Verghese,35,Hyderabad,3.61
CP00643,Daksh Ghosh,26,Hyderabad,4.06
CP00644,Hrithik Kaushik,34,Bangalore,2.58
CP00645,Sahil Verma,34,Bangalore,2.54
CP00646,Aadhya Sehgal,,Hyderabad,2.61
CP00647,Hriday Kulkarni,18,Hyderabad,4.07
CP00648,Aryan Saxena,24,Bangalore,2.77
CP00649,Vihaan Laghate,20,Hyderabad,2.11
CP00650,Ishita Shukla,24,Bangalore,2.79
CP00651,Prithvi Saxena,29,Hyderabad,2.2
CP00652,Ayaan Kulkarni,34,Bangalore,4.76
CP00653,Harsh Vora,20,Hyderabad,4.33
CP00654,Karan Kapoor,21,Hyderabad,4.87
CP00655,Yuvraj Jain,33,Hyderabad,3.33
CP00656,Keshav Dey,39,Hyderabad,2.88
CP00657,Arya Saxena,21,Bangalore,3.02
,Ritvik Pillai,24,Bangalore,3.5
CP00659,Ansh Rajan,27,Bangalore,2.02
CP00660,Akash Kulkarni,19,Bangalore,2.16
CP00661,Akash Menon,24,Bangalore,3.09
CP00662,Lakshya Mohan,23,Bangalore,4.34
CP00663,Myra Trivedi,18,Bangalore,3.41
CP00664,Advaith Singh,19,Hyderabad,3.23
CP00665,Yuvraj Rajan,27,Hyderabad,2.79
CP00666,Ishita Gupta,18,Bangalore,3.73
CP00667,Sahil Puri,43,Bangalore,4.02
CP00668,Vivaan Kaul,34,Hyderabad,2.25
CP00669,Neha Iyer,25,Hyderabad,2.02
CP00670,Aryan Kaul,36,Hyderabad,2.91
CP00671,Luv Kapoor,,Bangalore,4.45
CP00672,Neha Sinha,25,Bangalore,3.41
CP00673,Eshan Kapoor,45,Bangalore,3.85
CP00674,Falguni Bhargava,30,Bangalore,3.46
CP00675,Sahil Trivedi,24,Hyderabad,2.47
CP00676,Advaith Chhabra,,Bangalore,2.13
CP00677,Vihaan Sethi,44,Bangalore,4.4
CP00661,Arya Iyer,26,Bangalore,4.06
CP00679,Pooja Nair,33,Bangalore,4.24
CP00680,Hriday Mahajan,40,Bangalore,4.02
CP00681,Chaitanya Goyal,29,Hyderabad,3.14
CP00682,Hrithik Raina,,Hyderabad,4.76
CP00683,Hrithik Das,34,Bangalore,2.58
CP00684,Abhinav Hegde,28,Hyderabad,3.35
CP00685,Yash Ranganathan,23,Bangalore,2.07
CP00686,Yuvraj Mathur,21,Bangalore,2.64
CP00687,Aniket Khanna,36,Bangalore,4.23
CP00688,Varun Chopra,,Bangalore,3.52
CP00689,Aarush Malhotra,26,Bangalore,4.42
CP00690,Ishaan Shukla,32,Hyderabad,2.73
CP00691,Tejas Raina,30,Bangalore,4.96
CP00692,Yuvraj Mehta,30,Hyderabad,2.18
CP00693,Dhruv Ghosh,20,Bangalore,3.05
CP00661,Arya Nanda,,Hyderabad,4.3
CP00695,Mayank Chhabra,22,Bangalore,2.78
CP00696,Luv Chandra,24,Bangalore,4.95
CP00697,Abhinav Menon,20,Bangalore,4.9
CP00698,Diya Goyal,29,Bangalore,4.54
,Hitesh Dey,20,Bangalore,3.55
CP00700,Arjun Agarwal,26,Hyderabad,2.05
CP00701,Ishita Saxena,33,Hyderabad,2.03
CP00702,Nihal Bhat,21,Hyderabad,4.2
CP00703,Ivaan Singh,22,Bangalore,4.08
CP00704,Riya Chatterjee,43,Bangalore,4.48
CP00705,Krishna Khurana,23,Hyderabad,4.47
CP00706,Rohan Menon,35,Bangalore,3.76
CP00707,Shaan Verma,18,Hyderabad,4.59
,Om Mohan,18,Bangalore,2.14
CP00709,Hriday Mohan,35,Hyderabad,2.25
CP00710,Ishita Chopra,29,Bangalore,2.6
CP00711,Arjun Kaul,,Hyderabad,2.91
CP00661,Myra Chatterjee,32,Bangalore,3.45
CP00713,Bhavya Kapoor,23,Hyderabad,2.21
CP00714,Ritvik Iyer,41,Hyderabad,2.67
CP00715,Raghav Tiwari,28,Bangalore,3.34
CP00716,Chaitanya Kaushik,28,Bangalore,4.41
CP00717,Tanmay Choudhury,45,Bangalore,2.88
CP00718,Hrithik Mahajan,26,Hyderabad,3.33
CP00719,Gagan Kapoor,25,Hyderabad,2.14
CP00720,Ivaan Sinha,26,Bangalore,2.15
CP00721,Mayank Menon,19,Bangalore,2.95
CP00722,Falguni Rao,,Hyderabad,2.21
CP00723,Devansh Verghese,30,Hyderabad,2.84
CP00724,Dhriti Raina,34,Bangalore,3.53
CP00725,Tanvi Saxena,26,Bangalore,5
CP00726,Karan Naidu,44,Bangalore,2.29
CP00727,Aarush Hegde,18,Hyderabad,3.65
CP00728,Ayaan Rathi,44,Hyderabad,3.74
CP00729,Ritesh Mehta,20,Bangalore,3.1
CP00730,Tejas Mathur,32,Bangalore,2.88
CP00731,Hriday Shetty,23,Bangalore,3.58
CP00732,Shruti Vora,30,Hyderabad,3.59
CP00733,Hitesh Kaushik,32,Hyderabad,2.85
CP00734,Advaith Shukla,26,Bangalore,3.52
,Omkar Mehta,33,Hyderabad,4.1
CP00736,Kavya Khanna,32,Hyderabad,2.85
CP00737,Akash Kaul,19,Hyderabad,3.93
CP00738,Jatin Naidu,,Bangalore,3.65
,Daksh Choudhary,43,Bangalore,2.11
CP00740,Manav Kapoor,25,Bangalore,3.46
CP00741,Ayaan Sharma,29,Bangalore,2.9
CP00742,Riya Reddy,31,Bangalore,2.38
CP00743,Ansh Pillai,,Bangalore,3.7
CP00744,Ivaan Bhargava,32,Hyderabad,3.84
CP00745,Zain Trivedi,35,Bangalore,2.2
CP00746,Tejas Rathi,21,Bangalore,4.69
CP00747,Priya Shukla,35,Hyderabad,4.01
CP00748,Luv Kapoor,,Hyderabad,2.08
CP00749,Ujjwal Tiwari,35,Hyderabad,2.81
CP00661,Luv Nambiar,19,Bangalore,2.02
CP00751,Madhav Hegde,21,Hyderabad,3.88
CP00752,Devansh Vohra,25,Bangalore,2.85
CP00753,Priya Bhatt,29,Hyderabad,4.56
CP00754,Madhav Ghosh,32,Bangalore,2.53
CP00755,Omkar Tiwari,35,Hyderabad,3.41
CP00756,Mayank Malhotra,27,Bangalore,3.42
CP00757,Hrithik Naidu,18,Bangalore,4.51
CP00758,Jay Balan,32,Bangalore,4.04
CP00759,Hitesh Menon,43,Bangalore,3.58
CP00760,Daksh Nair,31,Hyderabad,3.89
CP00761,Shaurya Sinha,21,Bangalore,2.31
CP00762,Ivaan Jain,27,Bangalore,2.99
CP00763,Dhruv Puri,,Bangalore,2.38
CP00764,Priya Kaul,24,Bangalore,4.47
CP00765,Raghav Saxena,33,Bangalore,3.86
CP00766,Jay Khanna,30,Bangalore,2.16
CP00767,Kabir Nair,27,Bangalore,4.54
CP00661,Arnav Mahajan,22,Bangalore,4.89
CP00769,Rishabh Ghosh,43,Hyderabad,2.48
CP00770,Parth Bhat,44,Bangalore,2.85
CP00771,Sai Chatterjee,27,Bangalore,2.72
CP00772,Uday Bedi,42,Hyderabad,4.62
CP00773,Diya Bansal,,Bangalore,2.56
CP00774,Sai Ghosh,21,Bangalore,2.18
CP00775,Ayaan Iyer,41,Bangalore,3.77
CP00776,Ananya Pillai,37,Hyderabad,4.2
CP00777,Krishna Saini,,Hyderabad,2.11
CP00778,Pranav Bhat,22,Hyderabad,3.21
CP00779,Kiara Bansal,26,Bangalore,2.78
CP00661,Rishabh Tiwari,29,Hyderabad,3.54
CP00781,Rehan Seth,29,Bangalore,4.5
CP00782,Krishna Sehgal,28,Bangalore,2.6
CP00783,Tanmay Rajan,,Bangalore,3.11
CP00784,Parth Sinha,26,Bangalore,4.17
CP00785,Zain Seth,32,Bangalore,3.36
CP00786,Priya Trivedi,21,Hyderabad,4.06
CP00787,Arjun Mehra,32,Bangalore,2.68
CP00788,Jay Iyer,30,Bangalore,3.07
CP00789,Zain Bhargava,23,Bangalore,4.47
CP00790,Keshav Bansal,18,Hyderabad,2.69
CP00791,Ritesh Dubey,26,Bangalore,3.55
CP00792,Neha Bansal,21,Bangalore,3.65
CP00793,Sahil Rajan,22,Hyderabad,2.76
CP00794,Hitesh Chhabra,30,Bangalore,2.34
CP00795,Arya Bhalla,35,Bangalore,3.86
CP00796,Om Khandelwal,34,Hyderabad,2.92
CP00797,Karan Prasad,18,Bangalore,2
CP00798,Karan Naidu,,Bangalore,3.87
CP00799,Vihaan Goyal,19,Bangalore,3.71
CP00800,Hriday Anand,34,Bangalore,2.53
CP00801,Pooja Choudhury,20,Hyderabad,2.82
,Parth Vora,18,Bangalore,4.69
CP00803,Sahil Rao,18,Bangalore,4.83
CP00804,Prithvi Nair,28,Hyderabad,4.2
CP00805,Pooja Sethi,24,Bangalore,4.87
CP00806,Ishita Chandra,29,Bangalore,3.7
CP00807,Pranav Sehgal,36,Bangalore,4.74
CP00808,Lakshya Sehgal,23,Bangalore,2.87
CP00809,Aadhya Bhalla,20,Hyderabad,4.65
CP00810,Krishna Yadav,25,Hyderabad,3.53
CP00811,Naman Pillai,32,Bangalore,4.59
CP00812,Ayaan Kapoor,20,Bangalore,2.95
CP00813,Pranav Ghosh,26,Bangalore,2.35
CP00814,Kiara Bhargava,42,Hyderabad,3.8
,Omkar Mehta,,Bangalore,3.42
CP00816,Sai Seth,37,Bangalore,3.99
CP00817,Riya Rajan,34,Hyderabad,4.44
CP00818,Nihal Bansal,18,Hyderabad,4.25
CP00819,Ritesh Rao,19,Bangalore,2.13
CP00820,Eshan Wadhwa,18,Bangalore,4.36
CP00821,Tanya Laghate,19,Bangalore,3.41
CP00822,Sai Bansal,22,Hyderabad,2.54
CP00823,Zain Chandra,23,Hyderabad,4.21
CP00824,Tejas Agarwal,23,Bangalore,4.7
CP00825,Gagan Jain,35,Bangalore,4.96
CP00826,Ananya Bhatt,24,Bangalore,2.65
CP00827,Pooja Bhalla,34,Bangalore,4.9
CP00828,Anjali Sehgal,,Bangalore,2.21
CP00829,Ritesh Singh,30,Bangalore,4.36
CP00830,Aadhya Saxena,29,Bangalore,4.3
CP00831,Abhinav Dubey,,Bangalore,3.64
,Vivaan Luthra,26,Bangalore,2.49
CP00833,Raj Chopra,24,Hyderabad,3.27
,Rehan Goyal,24,Bangalore,4.82
CP00835,Rishabh Verghese,28,Hyderabad,3.17
CP00836,Yash Thakur,27,Bangalore,3.77
CP00837,Anjali Bhat,,Bangalore,3.55
CP00838,Uday Tandon,45,Bangalore,2.7
CP00839,Yuvraj Dutta,43,Bangalore,3.3
CP00840,Jatin Kaul,29,Bangalore,4.45
CP00841,Tanvi Rathi,44,Hyderabad,3.52
CP00842,Sakshi Khandelwal,24,Bangalore,2.28
CP00843,Aniket Sharma,31,Hyderabad,2.79
CP00844,Aadhya Mathur,25,Hyderabad,4.22
CP00845,Aarav Bhatia,,Bangalore,4.42
CP00846,Ivaan Dubey,33,Hyderabad,3.97
CP00847,Ritvik Hegde,33,Bangalore,3.11
CP00848,Ritesh Saxena,26,Hyderabad,2.09
CP00849,Tanish Rathi,39,Bangalore,2.35
,Shaurya Trivedi,37,Bangalore,4.86
CP00661,Ivaan Iyer,41,Bangalore,2.58
CP00852,Aadhya Menon,23,Hyderabad,4.3
CP00853,Sakshi Ghosh,28,Bangalore,2.65
CP00854,Mayank Shetty,19,Bangalore,4.5
CP00855,Ritesh Shetty,22,Bangalore,2.91
CP00856,Nihal Nair,32,Hyderabad,4.45
CP00661,Yashwant Anand,21,Hyderabad,3.36
CP00858,Kabir Jain,31,Bangalore,3.75
,Kavya Mehta,24,Hyderabad,4.45
CP00860,Kiara Dutta,39,Bangalore,3.77
CP00861,Hrithik Laghate,18,Hyderabad,2.4
CP00862,Vivaan Anand,34,Hyderabad,2.13
CP00863,Ivaan Nanda,30,Bangalore,4.34
CP00864,Ananya Patel,26,Hyderabad,2.2
CP00865,Pooja Rathi,36,Bangalore,3.69
CP00661,Aarush Menon,19,Bangalore,4.77
CP00867,Zain Luthra,23,Hyderabad,4.1
CP00868,Falguni Raina,37,Bangalore,2.79
CP00869,Falguni Jain,44,Bangalore,4.97
CP00870,Gaurav Bansal,22,Hyderabad,4.8
CP00871,Pooja Bansal,18,Bangalore,3.64
CP00872,Shaan Kaushik,32,Bangalore,3.42
CP00873,Vivaan Khanna,42,Bangalore,4.54
CP00874,Manav Kaul,35,Hyderabad,2.61
CP00875,Isha Ranganathan,29,Bangalore,3.69
CP00876,Mayank Choudhary,18,Hyderabad,2.48
CP00877,Aarav Laghate,23,Bangalore,4.13
CP00878,Sahil Raina,38,Bangalore,3.62
CP00879,Hriday Anand,25,Bangalore,4.85
CP00880,Hrithik Rajan,,Hyderabad,3.46
CP00881,Varun Anand,30,Hyderabad,2.36
CP00882,Shaan Wadhwa,,Bangalore,4.73
CP00661,Shaan Kapoor,19,Hyderabad,4.92
CP00884,Tejas Rathi,35,Hyderabad,2.17
CP00885,Ritesh Chandra,,Bangalore,2.13
CP00886,Nikhil Iyer,18,Hyderabad,4.34
CP00887,Krishna Chatterjee,24,Bangalore,3.48
CP00888,Pranav Mehta,,Bangalore,4.07
,Hrithik Raina,31,Hyderabad,4.82
CP00890,Jatin Saxena,20,Bangalore,4.12
CP00891,Omkar Verma,19,Bangalore,4.47
CP00892,Ojas Kulkarni,18,Bangalore,4
,Rehan Bhatt,23,Hyderabad,4.08
CP00894,Rishabh Mehta,24,Bangalore,2.01
CP00895,Rehan Nair,37,Bangalore,4.71
CP00896,Harsh Vohra,44,Bangalore,2.52
CP00897,Arjun Reddy,19,Bangalore,3.02
CP00898,Hitesh Bhat,33,Bangalore,2.16
CP00899,Raj Wadhwa,18,Hyderabad,2.66
CP00900,Devansh Verma,33,Bangalore,3.1
CP00901,Dhriti Tandon,27,Hyderabad,3.31
CP00902,Parth Tiwari,20,Bangalore,3.14
CP00903,Arjun Menon,36,Bangalore,3.6
CP00904,Pranav Bansal,36,Bangalore,4.56
CP00905,Omkar Dey,19,Hyderabad,2.44
CP00906,Madhav Nanda,42,Hyderabad,3.17
CP00907,Hrithik Laghate,26,Bangalore,3.78
CP00908,Aryan Khurana,26,Hyderabad,2.34
CP00909,Meera Thakur,34,Bangalore,3.65
CP00910,Omkar Anand,28,Bangalore,2.67
,Arjun Kulkarni,31,Bangalore,4.96
CP00912,Devansh Verma,25,Hyderabad,4.45
CP00913,Arjun Khandelwal,21,Bangalore,3.48
CP00914,Raghav Mehta,26,Bangalore,2.5
,Madhav Nair,24,Hyderabad,2.55
CP00916,Sahil Sethi,29,Bangalore,4.44
CP00917,Bhavya Shukla,22,Bangalore,3.01
CP00918,Meera Sinha,34,Bangalore,3.62
CP00919,Gaurav Singh,21,Bangalore,2.74
CP00920,Jay Kapoor,26,Bangalore,2.23
CP00921,Akash Khandelwal,22,Bangalore,2.82
CP00922,Jay Chatterjee,35,Bangalore,2.22
CP00923,Keshav Dutta,25,Bangalore,2.5
CP00924,Rohan Vora,44,Bangalore,3.94
CP00925,Vivaan Choudhury,31,Hyderabad,3.59
CP00926,Parth Khanna,30,Bangalore,3.17
CP00927,Mayank Agarwal,45,Hyderabad,4.28
CP00928,Yuvraj Kaushik,40,Bangalore,3.19
CP00929,Kiara Joshi,20,Bangalore,3.77
CP00930,Kavya Mehta,28,Bangalore,2.7
CP00931,Madhav Gupta,19,Bangalore,2.36
CP00932,Darsh Tiwari,,Bangalore,2.23
CP00933,Aadhya Naidu,22,Bangalore,4.55
CP00934,Tanya Mathur,32,Bangalore,4.66
CP00935,Tanish Thakur,22,Hyderabad,2.58
CP00936,Ishita Dutta,40,Bangalore,2.08
CP00937,Hriday Sinha,43,Bangalore,3.42
CP00938,Riya Patel,32,Bangalore,2.74
CP00939,Harsh Iyer,22,Bangalore,3.73
CP00940,Tejas Khanna,25,Bangalore,3.84
CP00941,Gagan Sehgal,22,Hyderabad,2.07
CP00942,Aniket Bedi,32,Hyderabad,4.54
CP00943,Dhruv Mehra,21,Hyderabad,4.54
CP00944,Anvay Pillai,27,Hyderabad,3.5
CP00945,Daksh Nair,35,Bangalore,3.23
CP00946,Priya Raina,27,Bangalore,2.93
CP00947,Aarush Thakur,19,Bangalore,4.5
CP00948,Uday Chopra,19,Bangalore,3.49
CP00949,Ritesh Nanda,43,Hyderabad,2.05
CP00950,Diya Naidu,29,Hyderabad,3.44
CP00951,Anvay Khandelwal,27,Bangalore,4.81
CP00952,Ansh Thakur,25,Bangalore,4.62
CP00953,Ivaan Bhargava,24,Hyderabad,3.39
CP00954,Dhriti Hegde,42,Bangalore,4.55
CP00955,Shaan Seth,39,Bangalore,3.03
CP00956,Diya Chatterjee,,Bangalore,4.59
CP00957,Manav Mathur,25,Bangalore,2.9
CP00958,Dhruv Reddy,,Bangalore,3.9
CP00959,Myra Menon,34,Bangalore,2.67
CP00960,Prithvi Anand,36,Bangalore,2.03
CP00961,Devansh Sharma,33,Hyderabad,2.1
,Keshav Kaul,28,Bangalore,3
CP00963,Aarav Prasad,22,Hyderabad,2.78
CP00964,Krishna Singh,33,Bangalore,2.49
CP00965,Raghav Mohan,29,Bangalore,3.23
CP00966,Harsh Agarwal,19,Bangalore,3.25
CP00967,Omkar Bhalla,26,Bangalore,4.16
CP00968,Ananya Shukla,24,Hyderabad,4.48
CP00969,Saanvi Sinha,31,Hyderabad,3.51
CP00970,Kiara Chatterjee,26,Bangalore,2.72
CP00971,Eshan Khandelwal,20,Hyderabad,2.13
CP00972,Dhruv Kapoor,33,Bangalore,4.24
CP00973,Gagan Kapoor,36,Hyderabad,2.33
CP00974,Bhavya Mohan,41,Bangalore,2.91
CP00975,Shaan Mehta,31,Hyderabad,3.3
CP00976,Darsh Joshi,23,Bangalore,3.82
CP00977,Yashwant Shetty,19,Hyderabad,3.12
CP00978,Aarush Vohra,25,Bangalore,3.05
CP00979,Kunal Jain,,Hyderabad,2.45
CP00980,Karan Agarwal,29,Bangalore,4.96
CP00981,Krishna Saini,24,Bangalore,4.68
CP00982,Rehan Desai,22,Bangalore,4.94
CP00661,Kiara Dutta,,Bangalore,3.1
CP00984,Shruti Bhatt,21,Bangalore,4.27
CP00985,Riya Menon,18,Bangalore,3.82
CP00986,Diya Shukla,,Bangalore,4.44
CP00987,Akash Khandelwal,29,Bangalore,2.63
CP00988,Diya Pillai,31,Bangalore,3.06
CP00989,Gaurav Saini,29,Bangalore,4.07
CP00990,Ananya Luthra,29,Hyderabad,3.63
CP00991,Advaith Kumar,35,Hyderabad,2.81
CP00992,Chaitanya Mathur,20,Hyderabad,3.94
CP00993,Ishita Singh,25,Hyderabad,2.69
CP00994,Naman Wadhwa,44,Hyderabad,3.99
CP00995,Harsh Kapoor,33,Hyderabad,2.84
CP00996,Nihal Goyal,,Hyderabad,2.69
CP00997,Parth Rathi,32,Bangalore,4.92
CP00998,Prithvi Rao,29,Bangalore,4.55
CP00999,Darsh Trivedi,34,Bangalore,4.52
CP01000,Tanmay Ghosh,18,Hyderabad,3.28
CP01001,Aadhya Raina,27,Bangalore,3.61
CP01002,Jatin Sinha,25,Bangalore,4.3
CP01003,Nikhil Nanda,30,Bangalore,2.02
CP00661,Shaurya Tandon,19,Bangalore,3.44
CP01005,Aarush Rathi,38,Bangalore,3.88
CP01006,Vedant Jain,25,Bangalore,2.22
CP00661,Daksh Gupta,35,Bangalore,3.12
CP01008,Arya Saxena,20,Bangalore,4.65
CP00661,Tanvi Puri,33,Hyderabad,2.95
,Vedant Tiwari,,Bangalore,3.05
CP00661,Arya Das,19,Bangalore,4.33
CP01012,Akash Bhargava,23,Bangalore,2.02
CP01013,Ishita Yadav,19,Hyderabad,2.9
,Nikhil Trivedi,,Bangalore,4.44
CP01015,Naman Ghosh,22,Bangalore,2.1
CP01016,Devansh Mahajan,30,Bangalore,4.48
,Aarohi Bhat,23,Hyderabad,2.08
CP01018,Aadhya Singh,,Bangalore,3.66
CP01019,Jay Shetty,42,Bangalore,2.82
CP01020,Isha Tandon,25,Bangalore,4.4
CP01021,Naman Rathi,24,Bangalore,2.29
CP01022,Kiara Rao,,Bangalore,2.92
CP01023,Sakshi Vohra,19,Bangalore,2.88
CP01024,Prithvi Joshi,24,Bangalore,3.55
CP01025,Tanish Kaushik,27,Hyderabad,4.45
CP01026,Yashwant Joshi,35,Bangalore,4.23
CP00661,Manav Nair,21,Bangalore,4.87
CP01028,Tanya Kaushik,45,Hyderabad,2.78
CP01029,Ansh Saxena,,Hyderabad,4.41
CP01030,Arjun Kapoor,34,Bangalore,3.6
CP01031,Kiara Tandon,27,Hyderabad,2.61
CP01032,Nihal Khandelwal,43,Bangalore,2.3
CP01033,Luv Shetty,19,Hyderabad,4.33
CP01034,Arnav Sethi,33,Bangalore,3.4
CP01035,Riya Kapoor,,Bangalore,3.06
CP01036,Eshan Naidu,27,Bangalore,4.29
CP01037,Ritvik Mehta,22,Bangalore,2.07
CP01038,Kunal Dey,21,Hyderabad,3.01
CP01039,Madhav Sharma,30,Hyderabad,3.43
CP00661,Parth Anand,,Hyderabad,2.37
CP01041,Omkar Khurana,19,Hyderabad,4.78
CP01042,Kiara Kapoor,21,Hyderabad,2.86
CP01043,Arjun Verghese,,Hyderabad,2.82
CP01044,Rohan Menon,33,Bangalore,4.19
,Pranav Menon,28,Hyderabad,4.82
CP01046,Krishna Trivedi,18,Hyderabad,4.5
CP01047,Raghav Pillai,27,Bangalore,3.92
CP01048,Falguni Iyer,38,Bangalore,3.67
CP01049,Parth Ranganathan,43,Hyderabad,4.07
CP01050,Zain Trivedi,,Bangalore,4.71
CP01051,Arjun Sood,28,Bangalore,2.72
CP01052,Advaith Ghosh,22,Bangalore,4.21
CP01053,Falguni Kaul,19,Hyderabad,3.66
CP01054,Devansh Bedi,19,Hyderabad,4.04
CP01055,Kabir Mehta,18,Bangalore,4.08
CP01056,Esha Raina,35,Bangalore,4.7
CP01057,Akash Puri,34,Bangalore,4.8
CP01058,Diya Choudhary,18,Bangalore,2.91
CP01059,Jatin Ghosh,19,Hyderabad,4.42
CP01060,Arjun Rao,40,Bangalore,3.08
CP01061,Ananya Chhabra,24,Bangalore,3.75
CP01062,Tanya Mehta,22,Bangalore,2.13
CP01063,Shaurya Saxena,,Hyderabad,2
CP01064,Prithvi Vohra,23,Bangalore,2.9
CP01065,Ishita Bhalla,25,Hyderabad,4.58
CP01066,Kabir Sood,25,Bangalore,4.36
CP01067,Raj Kaul,33,Bangalore,3.63
CP01068,Om Pillai,37,Hyderabad,4.51
CP01069,Ojas Bansal,38,Bangalore,3.38
CP01070,Darsh Ranganathan,27,Hyderabad,2.93
CP01071,Aniket Goyal,20,Bangalore,3.27
CP01072,Ayaan Chopra,26,Bangalore,4.33
CP01073,Raj Nair,28,Hyderabad,2.73
CP01074,Shruti Choudhury,25,Bangalore,2.58
CP01075,Neha Vohra,41,Bangalore,4.48
CP01076,Aditya Kaul,18,Hyderabad,4.11
CP01077,Ivaan Khanna,40,Bangalore,2.09
CP01078,Akash Vora,33,Hyderabad,4.58
CP01079,Shruti Jain,31,Bangalore,4.55
CP01080,Arjun Vohra,35,Bangalore,4.85
CP01081,Yash Trivedi,23,Bangalore,4.51
CP01082,Nihal Mahajan,21,Hyderabad,3.9
CP01083,Raj Iyer,30,Hyderabad,4.34
CP01084,Dhriti Ghosh,21,Bangalore,2.03
CP01085,Chaitanya Ghosh,34,Bangalore,4.73
CP01086,Aryan Bhatia,,Bangalore,3.45
CP01087,Meera Vohra,24,Hyderabad,4.01
CP01088,Krishna Verma,34,Bangalore,4.64
CP01089,Krishna Pillai,20,Bangalore,4.91
CP01090,Ishaan Chopra,38,Bangalore,3.57
CP00661,Daksh Trivedi,31,Bangalore,4.8
CP01092,Uday Chhabra,19,Bangalore,4.37
,Shaurya Khanna,27,Bangalore,3.94
CP01094,Parth Choudhary,30,Bangalore,2.71
CP01095,Jatin Nair,41,Bangalore,4.61
CP01096,Om Shetty,35,Bangalore,4.83
CP01097,Ananya Shetty,,Bangalore,3.85
CP01098,Karan Rao,21,Hyderabad,4.39
CP01099,Shaan Kapoor,34,Bangalore,3.45
CP01100,Jay Saini,23,Hyderabad,4.48
CP01101,Kabir Menon,20,Bangalore,2.28
CP00661,Uday Vora,21,Bangalore,4.51
CP01103,Rishabh Puri,25,Bangalore,4.15
CP01104,Daksh Verghese,32,Bangalore,4.44
,Hrithik Agarwal,25,Bangalore,3.46
CP01106,Vivaan Prasad,26,Bangalore,3.59
CP01107,Yashwant Agarwal,32,Bangalore,2.73
CP01108,Aarohi Sehgal,21,Bangalore,4.9
CP01109,Rehan Raina,35,Bangalore,3.94
CP01110,Shaurya Pillai,22,Bangalore,4.54
CP01111,Tanmay Prasad,19,Hyderabad,2.88
CP01112,Akash Mathur,25,Bangalore,4.91
CP01113,Krishna Ranganathan,20,Hyderabad,4.7
CP01114,Sakshi Iyer,22,Bangalore,3.13
CP01115,Anjali Chhabra,23,Hyderabad,3.8
CP01116,Samar Bhat,19,Bangalore,3.45
CP01117,Hitesh Kulkarni,30,Bangalore,2.8
CP01118,Arya Kumar,,Bangalore,2.89
CP01119,Falguni Vohra,,Hyderabad,2.96
CP01120,Meera Mohan,27,Bangalore,3
CP01121,Vedant Rathi,28,Hyderabad,3.52
CP01122,Bhavya Prasad,32,Bangalore,3.64
CP01123,Anvay Verma,,Bangalore,2.44
CP01124,Hitesh Choudhary,18,Hyderabad,2.66
CP01125,Falguni Chopra,,Hyderabad,3.42
CP01126,Bhavya Rao,38,Hyderabad,3.56
CP01127,Dhruv Bansal,41,Hyderabad,2.01
CP01128,Neha Choudhary,19,Bangalore,4.88
CP01129,Kunal Balan,,Bangalore,2.32
CP01130,Rohan Ranganathan,26,Bangalore,2.76
CP01131,Samar Kapoor,19,Bangalore,4.21
CP01132,Tanmay Kaul,35,Bangalore,3.69
CP01133,Gagan Malhotra,45,Bangalore,3.92
CP01134,Samar Rajan,36,Bangalore,2.72
CP01135,Kunal Verma,31,Hyderabad,4.61
CP01136,Keshav Kumar,34,Bangalore,4.48
CP01137,Mayank Dey,45,Hyderabad,2.45
CP01138,Ivaan Kaul,33,Bangalore,4.43
CP01139,Tejas Saxena,33,Hyderabad,2.47
CP01140,Chaitanya Kaul,43,Bangalore,3.37
CP00661,Vihaan Iyer,25,Hyderabad,3.06
CP01142,Ayaan Sood,31,Bangalore,2.85
CP01143,Zain Thakur,20,Hyderabad,4.51
CP00661,Arya Bhatia,21,Bangalore,2.63
CP01145,Saanvi Nair,26,Hyderabad,3.91
CP01146,Ivaan Chhabra,34,Bangalore,4.5
CP01147,Ishaan Prasad,20,Bangalore,4.12
CP01148,Kabir Khurana,,Bangalore,4.94
CP01149,Gaurav Trivedi,30,Bangalore,3.99
CP01150,Sai Laghate,19,Bangalore,3.37
CP01151,Myra Singh,25,Bangalore,4.85
CP01152,Raghav Vohra,27,Bangalore,2.5
CP01153,Rishabh Sood,29,Hyderabad,3.59
CP01154,Yuvraj Menon,29,Bangalore,2.66
CP01155,Sai Sethi,40,Bangalore,2.87
CP01156,Ritvik Nambiar,,Bangalore,2.78
CP01157,Vedant Balan,27,Bangalore,3.3
CP01158,Manav Hegde,35,Bangalore,3.14
CP01159,Anvay Kapoor,34,Bangalore,3.68
CP01160,Krishna Verghese,30,Hyderabad,2.25
CP00661,Madhav Tandon,40,Hyderabad,4.67
CP01162,Raj Goyal,26,Bangalore,4.71
CP01163,Devansh Bansal,,Bangalore,4.69
CP01164,Myra Sinha,22,Bangalore,4.01
,Aditya Nair,27,Bangalore,2.54
CP01166,Rehan Mehta,30,Bangalore,3.22
CP01167,Esha Dey,27,Hyderabad,4.6
CP01168,Hriday Bhargava,26,Hyderabad,3.19
,Anjali Luthra,20,Hyderabad,2.99
CP01170,Nihal Balan,32,Bangalore,3.42
CP00661,Nihal Kapoor,32,Hyderabad,3.6
CP01172,Vivaan Kulkarni,30,Hyderabad,3.91
CP01173,Ananya Saini,25,Bangalore,2.22
CP01174,Aarush Sood,,Bangalore,4.58
CP01175,Vedant Kaul,29,Bangalore,2.23
CP00661,Dhriti Agarwal,33,Hyderabad,4.46
CP01177,Bhavya Rathi,29,Hyderabad,3.61
CP01178,Jatin Raina,35,Bangalore,2.59
CP01179,Ishita Bansal,,Bangalore,4.87
CP01180,Prithvi Desai,,Bangalore,3.49
CP01181,Darsh Hegde,21,Bangalore,4.95
CP01182,Riya Malhotra,28,Bangalore,2.74
CP01183,Shruti Rathi,,Hyderabad,3.9
CP01184,Advaith Hegde,40,Bangalore,4.36
CP01185,Kunal Bhat,30,Bangalore,4.69
CP01186,Ujjwal Kaul,30,Bangalore,2.33
CP01187,Gagan Bhalla,20,Hyderabad,4.6
CP01188,Aditya Menon,33,Bangalore,2.63
CP01189,Arhaan Chhabra,35,Bangalore,4.32
CP01190,Raghav Dutta,27,Bangalore,2.55
CP01191,Esha Pillai,43,Hyderabad,2.83
CP01192,Vihaan Menon,25,Bangalore,4.76
CP01193,Vivaan Trivedi,32,Bangalore,3.64
CP01194,Anjali Iyer,26,Bangalore,2.2
CP01195,Sahil Verghese,21,Bangalore,2.86
CP01196,Aarav Laghate,25,Hyderabad,4.65
CP01197,Om Khanna,32,Bangalore,2.65
CP01198,Gagan Saxena,35,Hyderabad,2.45
CP01199,Vedant Chandra,26,Bangalore,4.54
CP01200,Ishaan Bedi,32,Bangalore,4.1
CP01201,Tanya Sethi,35,Hyderabad,2.98
CP01202,Aditya Chatterjee,39,Bangalore,2.02
CP01203,Esha Nanda,34,Bangalore,3.1
CP01204,Ananya Kaul,33,Bangalore,3.22
CP01205,Jatin Tiwari,23,Hyderabad,2.61
CP01206,Hrithik Bhatt,31,Bangalore,3.11
CP00661,Arya Kapoor,18,Hyderabad,2.34
CP01208,Vivaan Sehgal,45,Bangalore,4.01
CP01209,Ishita Naidu,22,Hyderabad,3.41
CP01210,Pranav Agarwal,,Hyderabad,4.57
CP01211,Tejas Kaushik,32,Bangalore,4.57
CP01212,Naman Chatterjee,29,Bangalore,3.98
CP01213,Anjali Chatterjee,31,Bangalore,2.51
CP01214,Ojas Reddy,22,Bangalore,3.19
CP01215,Om Bansal,32,Bangalore,2.17
CP01216,Shaan Anand,24,Hyderabad,4.56
CP01217,Omkar Jain,20,Bangalore,2.16
CP01218,Ansh Kulkarni,26,Bangalore,4.19
CP01219,Kavya Mathur,25,Hyderabad,4.61
CP01220,Pooja Goyal,19,Bangalore,2.28
CP01221,Ayaan Jain,18,Bangalore,4.64
CP01222,Sakshi Raina,33,Hyderabad,2.56
CP01223,Vivaan Raina,37,Bangalore,3.07
CP01224,Shaurya Chhabra,28,Hyderabad,2.66
CP01225,Madhav Bedi,26,Hyderabad,3.39
CP01226,Ayaan Menon,,Bangalore,3.27
CP01227,Ujjwal Jain,44,Hyderabad,4.53
CP01228,Dhriti Choudhury,23,Hyderabad,3.92
CP00661,Gaurav Khandelwal,23,Hyderabad,4.92
CP01230,Krishna Kapoor,37,Bangalore,4.34
,Ayaan Bedi,28,Hyderabad,2.14
CP01232,Kunal Gupta,,Hyderabad,3.13
CP01233,Jay Gupta,19,Bangalore,3.38
CP00661,Advaith Nair,38,Hyderabad,3.02
CP01235,Aarush Verma,33,Bangalore,4.07
CP01236,Om Reddy,23,Hyderabad,2.67
CP01237,Shaan Rathi,,Hyderabad,4.93
CP01238,Esha Shetty,22,Hyderabad,4.58
CP01239,Rohan Jain,27,Hyderabad,3.64
CP01240,Yuvraj Joshi,22,Hyderabad,4.37
CP01241,Sahil Wadhwa,19,Bangalore,3.76
CP01242,Ivaan Bhatt,26,Bangalore,2.95
CP01243,Harsh Sood,,Bangalore,3.74
CP01244,Arhaan Khurana,36,Bangalore,3.25
CP01245,Priya Chopra,,Bangalore,3.89
CP01246,Rohan Malhotra,,Bangalore,4.32
CP01247,Ojas Kumar,42,Bangalore,3.71
CP00661,Arhaan Bhalla,25,Bangalore,2.78
CP01249,Shaurya Chatterjee,44,Bangalore,4.93
CP01250,Varun Vohra,,Bangalore,2.2
CP01251,Hrithik Pillai,27,Hyderabad,4.74
CP01252,Prithvi Hegde,36,Bangalore,4.74
CP01253,Gagan Sehgal,28,Hyderabad,4.24
CP01254,Aarush Dutta,40,Bangalore,4.5
CP00661,Ivaan Chandra,21,Bangalore,3.85
CP01256,Hitesh Kulkarni,20,Bangalore,3.34
CP01257,Karan Vohra,31,Bangalore,4.53
CP01258,Madhav Bhargava,24,Hyderabad,2.33
CP01259,Gaurav Mahajan,23,Bangalore,2.94
CP01260,Gaurav Yadav,29,Bangalore,4.68
CP01261,Raj Joshi,45,Hyderabad,4.89
CP01262,Vihaan Bhat,25,Bangalore,4.93
CP01263,Naman Bhatt,41,Bangalore,2.04
CP01264,Kabir Jain,39,Bangalore,3.88
CP01265,Rehan Shetty,32,Bangalore,2.54
CP01266,Vedant Trivedi,33,Bangalore,3.34
,Hitesh Sharma,27,Hyderabad,4.32
CP01268,Lakshya Menon,23,Hyderabad,3.54
CP01269,Myra Saxena,38,Hyderabad,2.26
CP01270,Parth Anand,27,Bangalore,2.16
,Ishita Dey,19,Bangalore,4.23
CP01272,Aarav Goyal,24,Hyderabad,2.06
CP01273,Ishaan Reddy,18,Bangalore,3.41
CP01274,Ishita Nanda,31,Hyderabad,3.22
CP01275,Shaan Vora,45,Bangalore,2.86
CP01276,Dhruv Khandelwal,27,Hyderabad,2.01
CP01277,Yash Verma,32,Bangalore,4.77
CP01278,Hriday Naidu,30,Bangalore,3.12
CP01279,Mayank Ghosh,23,Bangalore,3.57
CP01280,Saanvi Sharma,18,Hyderabad,3.08
CP01281,Bhavya Chopra,20,Bangalore,3.24
CP01282,Tanvi Ghosh,43,Bangalore,2.94
CP01283,Nikhil Shukla,22,Hyderabad,3.67
CP01284,Yash Khurana,20,Bangalore,2.49
CP00661,Aarav Balan,26,Bangalore,4.2
,Shruti Thakur,31,Bangalore,2.85
CP01287,Aryan Saxena,25,Bangalore,4.56
CP01288,Anvay Saxena,18,Hyderabad,3.68
CP01289,Arhaan Luthra,,Bangalore,4.98
CP01290,Nihal Chopra,,Hyderabad,5
CP01291,Shaurya Prasad,37,Bangalore,3.92
CP01292,Diya Bhatt,28,Bangalore,2.62
CP01293,Neha Mohan,28,Bangalore,4.34
CP01294,Sai Verma,28,Hyderabad,4.56
CP01295,Aadhya Prasad,20,Hyderabad,2.12
CP01296,Rehan Puri,29,Bangalore,3.75
CP01297,Vedant Khanna,26,Hyderabad,3.16
CP00661,Harsh Pillai,43,Bangalore,2.73
CP01299,Dhruv Ghosh,34,Hyderabad,3.85
CP01300,Sai Anand,29,Bangalore,2.87
CP01301,Shruti Kapoor,21,Bangalore,3.68
CP01302,Jay Chatterjee,19,Hyderabad,4.96
CP01303,Advaith Mehra,,Hyderabad,3.04
CP01304,Krishna Bhargava,20,Bangalore,4.86
CP01305,Kabir Rathi,,Bangalore,3.58
CP01306,Lakshya Seth,27,Hyderabad,4.09
CP01307,Arnav Hegde,27,Bangalore,3.89
CP01308,Hitesh Naidu,27,Hyderabad,2.44
,Jatin Shukla,24,Bangalore,4.08
CP01310,Saanvi Bhatia,32,Bangalore,3.59
CP01311,Madhav Raina,29,Hyderabad,4.47
CP01312,Kavya Luthra,29,Bangalore,3.41
CP01313,Ayaan Mehta,25,Bangalore,2.95
CP01314,Omkar Dey,22,Bangalore,4.64
CP01315,Myra Bhalla,28,Bangalore,4.75
CP01316,Sai Sinha,23,Bangalore,3.83
CP01317,Luv Bhatia,31,Bangalore,3.66
CP01318,Sakshi Sehgal,22,Bangalore,2.57
CP01319,Manav Puri,29,Hyderabad,3.47
CP01320,Jay Nanda,31,Hyderabad,2.23
CP01321,Anjali Bedi,,Bangalore,4.51
CP01322,Pranav Menon,34,Hyderabad,2.87
CP01323,Tejas Rathi,28,Hyderabad,3.94
CP01324,Chaitanya Vohra,43,Bangalore,2.24
CP01325,Gagan Ghosh,24,Bangalore,2.48
CP01326,Parth Yadav,22,Bangalore,2.99
CP01327,Hitesh Menon,,Bangalore,4.58
CP01328,Jay Bansal,33,Hyderabad,4.77
CP01329,Rehan Seth,44,Hyderabad,2.07
CP01330,Om Reddy,39,Bangalore,4.09
CP01331,Darsh Kapoor,23,Bangalore,4.02
CP01332,Priya Khanna,30,Bangalore,2.22
CP01333,Shruti Mohan,19,Bangalore,4.6
CP01334,Ananya Agarwal,30,Hyderabad,4.82
CP01335,Arhaan Das,23,Bangalore,2.08
CP01336,Diya Mahajan,25,Bangalore,2.29
CP01337,Gaurav Bhalla,39,Bangalore,3.93
CP01338,Kabir Chhabra,19,Bangalore,2.61
CP01339,Vivaan Bhat,18,Bangalore,3.73
CP01340,Ananya Patel,21,Bangalore,3.51
CP01341,Kunal Kapoor,35,Bangalore,4.55
CP01342,Ayaan Nanda,21,Hyderabad,3.17
CP01343,Rishabh Iyer,20,Bangalore,4.31
CP01344,Samar Bansal,34,Bangalore,3.75
CP01345,Darsh Thakur,23,Bangalore,3.72
CP01346,Jatin Trivedi,27,Bangalore,3.92
CP01347,Aarav Kumar,18,Bangalore,3.6
CP01348,Devansh Saxena,40,Bangalore,2.92
CP01349,Raj Tandon,29,Hyderabad,3.58
CP01350,Vivaan Shetty,,Bangalore,4.22
CP01351,Dhriti Kaul,36,Bangalore,3.35
CP01352,Keshav Das,25,Bangalore,3.05
CP01353,Omkar Naidu,32,Hyderabad,4.09
CP01354,Jatin Pillai,44,Bangalore,2.9
CP01355,Arhaan Sehgal,34,Bangalore,4.84
CP01356,Tanmay Vohra,26,Bangalore,3.55
CP00661,Zain Bansal,35,Hyderabad,2.89
CP01358,Myra Choudhary,26,Hyderabad,4.13
CP01359,Tanish Kumar,33,Bangalore,3.8
CP01360,Neha Iyer,32,Bangalore,4.13
CP01361,Om Khanna,36,Hyderabad,4.73
CP01362,Aarohi Anand,20,Bangalore,2.63
CP01363,Kabir Saini,25,Bangalore,4.52
CP01364,Vivaan Rathi,28,Bangalore,2.02
CP01365,Pooja Desai,,Bangalore,2.85
CP01366,Nikhil Sethi,28,Bangalore,3.73
CP01367,Varun Gupta,,Hyderabad,3.48
CP00661,Aadhya Sharma,23,Hyderabad,2.92
CP01369,Arnav Bhat,19,Bangalore,2.26
CP01370,Raghav Rathi,35,Hyderabad,2.99
CP01371,Nikhil Tiwari,28,Hyderabad,3.28
CP01372,Vedant Ghosh,27,Bangalore,3.16
CP01373,Kavya Malhotra,20,Hyderabad,4.99
CP01374,Sai Nanda,29,Bangalore,3.87
CP01375,Sai Saxena,45,Bangalore,2.34
,Meera Laghate,23,Bangalore,3.12
CP01377,Karan Malhotra,39,Bangalore,4.9
CP01378,Daksh Kulkarni,35,Bangalore,3.3
CP01379,Ishaan Kaul,20,Hyderabad,3.36
CP01380,Diya Singh,33,Hyderabad,4.52
CP01381,Ivaan Chopra,21,Bangalore,2.17
CP01382,Eshan Mehra,41,Bangalore,4.78
,Dhriti Naidu,25,Hyderabad,2.89
,Hitesh Pillai,18,Hyderabad,2.44
,Pooja Singh,33,Bangalore,2.95
CP01386,Vivaan Anand,,Bangalore,3.66
CP01387,Aarav Raina,29,Hyderabad,2.32
CP01388,Ansh Vora,33,Hyderabad,4.61
CP00661,Ishita Sharma,22,Hyderabad,3.13
CP01390,Bhavya Khanna,26,Bangalore,3.59
CP01391,Jay Goyal,38,Hyderabad,4.91
CP00661,Naman Jain,29,Bangalore,3.59
CP01393,Vedant Raina,27,Hyderabad,4.51
CP01394,Hriday Bhatia,34,Bangalore,2.74
CP01395,Hrithik Iyer,,Hyderabad,3.96
CP01396,Yashwant Iyer,22,Bangalore,2.79
CP01397,Ojas Puri,26,Bangalore,3.59
CP01398,Riya Trivedi,27,Hyderabad,3.06
CP01399,Madhav Thakur,33,Bangalore,4.28
CP01400,Raghav Balan,21,Hyderabad,3.32
CP01401,Ansh Saxena,23,Bangalore,3.93
CP01402,Ritvik Bhalla,31,Bangalore,2.11
CP01403,Ananya Saxena,23,Bangalore,2.35
CP01404,Shruti Singh,30,Bangalore,4.13
CP00661,Aniket Vora,26,Bangalore,2.36
CP00661,Shaurya Rathi,25,Hyderabad,3.23
CP01407,Parth Rao,24,Bangalore,3.16
CP01408,Tejas Bansal,19,Bangalore,3.26
CP00661,Vivaan Mohan,42,Bangalore,3.14
CP01410,Mayank Iyer,25,Hyderabad,4.43
CP01411,Chaitanya Menon,32,Bangalore,3.77
,Esha Mehra,35,Hyderabad,4.62
CP01413,Ritvik Laghate,20,Bangalore,3.14
CP01414,Raghav Ranganathan,22,Bangalore,2.27
CP01415,Anjali Trivedi,24,Bangalore,3.85
CP01416,Arhaan Jain,21,Bangalore,3.23
CP01417,Krishna Sood,39,Hyderabad,2.42
CP01418,Gaurav Tiwari,20,Bangalore,2.21
CP01419,Darsh Saxena,22,Bangalore,2.18
CP01420,Aadhya Kulkarni,29,Bangalore,4.72
CP01421,Dhruv Khurana,,Bangalore,3.21
CP01422,Yash Mehta,,Hyderabad,3.96
CP01423,Samar Tiwari,,Bangalore,4.15
CP01424,Krishna Saxena,42,Bangalore,4.49
CP01425,Kiara Luthra,33,Hyderabad,4.68
CP01426,Gaurav Thakur,,Hyderabad,2.62
CP01427,Yash Chhabra,18,Bangalore,4.42
CP01428,Aryan Jain,37,Bangalore,4.04
CP01429,Madhav Malhotra,,Bangalore,3.86
,Darsh Kumar,32,Bangalore,2.57
CP01431,Aarav Shetty,28,Bangalore,3.95
CP01432,Anvay Kumar,19,Bangalore,2.9
CP01433,Kavya Pillai,43,Bangalore,2.12
CP01434,Devansh Mehta,27,Bangalore,2.88
CP01435,Chaitanya Chatterjee,,Bangalore,4.25
CP01436,Hrithik Kumar,25,Hyderabad,2.54
CP01437,Kunal Bhat,33,Bangalore,3.49
CP01438,Ojas Rathi,,Bangalore,3.93
CP01439,Prithvi Kaushik,25,Bangalore,3.42
CP01440,Esha Balan,25,Bangalore,4.08
CP01441,Diya Desai,22,Bangalore,2.76
CP00661,Lakshya Bhatt,,Hyderabad,2.16
CP01443,Madhav Chhabra,41,Hyderabad,3
CP00661,Aarush Anand,40,Bangalore,4.69
CP01445,Prithvi Kulkarni,21,Hyderabad,3.72
CP01446,Aarav Sehgal,32,Bangalore,4.09
CP01447,Diya Bhat,27,Bangalore,3.96
CP01448,Aditya Kaul,41,Hyderabad,3.01
CP01449,Arnav Khanna,30,Hyderabad,4.47
CP01450,Kavya Iyer,22,Bangalore,4.82
CP01451,Akash Verghese,38,Bangalore,4.33
CP01452,Naman Anand,30,Bangalore,2.46
CP01453,Arya Kulkarni,38,Bangalore,2.73
CP01454,Eshan Singh,37,Bangalore,3.88
CP01455,Tanya Kapoor,30,Bangalore,2.92
CP01456,Pooja Raina,39,Hyderabad,3.63
CP01457,Yashwant Tiwari,33,Bangalore,2.19
CP01458,Omkar Verghese,31,Hyderabad,3.64
CP01459,Aadhya Dutta,31,Hyderabad,4.53
CP01460,Keshav Chopra,25,Bangalore,3.97
CP01461,Jay Verghese,24,Bangalore,4.96
CP01462,Ujjwal Rajan,,Hyderabad,3.08
,Yash Reddy,25,Bangalore,3.64
CP01464,Harsh Kapoor,33,Bangalore,4.39
CP01465,Rishabh Chandra,38,Bangalore,3.69
CP01466,Zain Laghate,41,Bangalore,4.3
CP01467,Aarush Kaushik,37,Bangalore,3.17
CP01468,Saanvi Agarwal,36,Bangalore,4.32
CP01469,Ritvik Mehra,20,Bangalore,4.73
CP01470,Gagan Laghate,35,Bangalore,3.21
CP01471,Shaan Agarwal,25,Hyderabad,3.26
CP01472,Uday Sharma,31,Hyderabad,2.9
CP01473,Rehan Khandelwal,31,Bangalore,2.96
CP01474,Omkar Tandon,27,Bangalore,3.19
CP01475,Ananya Prasad,27,Hyderabad,3.16
CP01476,Om Bansal,25,Bangalore,2.75
CP01477,Arnav Mathur,44,Hyderabad,4.32
CP01478,Yuvraj Anand,,Hyderabad,3.11
CP01479,Naman Kulkarni,22,Bangalore,2.57
CP01480,Dhriti Iyer,45,Bangalore,3.98
CP01481,Karan Mahajan,31,Bangalore,2.06
CP01482,Jay Ghosh,31,Bangalore,2.41
CP01483,Tanmay Nair,32,Bangalore,2.54
CP01484,Ojas Gupta,,Hyderabad,3.36
CP01485,Arnav Joshi,20,Bangalore,4.81
CP01486,Uday Rao,26,Bangalore,2.75
CP01487,Sai Bansal,,Bangalore,4.69
CP01488,Kiara Singh,33,Bangalore,4.81
CP01489,Mayank Jain,,Bangalore,2.18
CP01490,Madhav Luthra,29,Hyderabad,2.51
CP01491,Harsh Raina,,Bangalore,2.48
CP01492,Ritesh Mehra,,Bangalore,2.87
CP01493,Hitesh Mahajan,18,Bangalore,4.57
CP01494,Ivaan Agarwal,45,Hyderabad,3.96
CP01495,Keshav Rao,19,Bangalore,3.23
,Kiara Kaushik,20,Bangalore,3.12
CP01497,Devansh Bansal,34,Bangalore,4.97
CP01498,Vivaan Bhalla,42,Hyderabad,4.27
CP01499,Aadhya Nair,30,Bangalore,2.31
CP01500,Neha Vohra,18,Bangalore,3.26
CP01501,Zain Kapoor,30,Bangalore,2.14
CP01502,Chaitanya Yadav,21,Bangalore,4.05
CP01503,Esha Joshi,40,Hyderabad,3.56
CP01504,Tejas Mohan,24,Bangalore,3.37
,Hriday Tandon,32,Bangalore,3.62
CP00661,Varun Naidu,30,Bangalore,3.66
CP01507,Arya Shukla,29,Bangalore,4.65
CP01508,Karan Saini,21,Hyderabad,3.17
CP01509,Chaitanya Kumar,20,Bangalore,4.05
CP01510,Vihaan Bhatt,28,Bangalore,2.53
CP01511,Naman Trivedi,41,Bangalore,4.06
CP01512,Tejas Ghosh,,Hyderabad,2.59
CP01513,Manav Malhotra,26,Bangalore,3.21
,Parth Menon,19,Hyderabad,3.75
,Mayank Mehta,18,Bangalore,2.9
CP00661,Karan Rao,,Bangalore,4.44
,Ishaan Dutta,19,Bangalore,2.74
CP01518,Myra Dey,,Bangalore,3.34
CP01519,Om Vora,28,Bangalore,3.5
CP01520,Ansh Trivedi,24,Bangalore,4.21
CP00661,Aniket Sinha,34,Bangalore,3.19
CP01522,Zain Joshi,35,Hyderabad,2.11
CP01523,Esha Luthra,,Hyderabad,2.64
CP01524,Aniket Nair,18,Bangalore,4.31
CP01525,Omkar Kaul,25,Bangalore,4.54
CP01526,Madhav Ghosh,34,Hyderabad,4.38
CP01527,Esha Patel,29,Bangalore,2.14
CP01528,Diya Rathi,29,Bangalore,4.01
CP01529,Raj Menon,26,Bangalore,4.12
CP01530,Vihaan Tiwari,32,Hyderabad,3.15
CP01531,Manav Kapoor,19,Bangalore,2.74
CP01532,Shruti Menon,34,Bangalore,4.91
CP01533,Aarohi Mehta,20,Bangalore,2.59
CP01534,Nikhil Hegde,41,Bangalore,3.06
CP01535,Sakshi Pillai,35,Hyderabad,3.91
CP01536,Om Saxena,30,Bangalore,4.18
CP01537,Karan Saxena,22,Bangalore,2.98
CP01538,Jatin Saxena,41,Hyderabad,3.38
CP01539,Dhriti Kumar,18,Bangalore,4.2
CP01540,Om Reddy,29,Bangalore,3.19
CP01541,Prithvi Trivedi,26,Hyderabad,2.96
CP01542,Dhruv Malhotra,19,Hyderabad,2.44
CP01543,Ujjwal Menon,22,Hyderabad,3.96
CP01544,Krishna Kapoor,21,Bangalore,3.96
CP01545,Karan Das,24,Bangalore,4.82
CP00661,Raghav Bhat,27,Hyderabad,3.38
CP01547,Ishita Bhalla,19,Hyderabad,4.11
,Vedant Dey,21,Bangalore,3.43
CP01549,Hriday Trivedi,34,Bangalore,3.41
CP01550,Parth Nanda,21,Bangalore,3.03
CP01551,Tejas Raina,20,Hyderabad,3.37
CP01552,Ishaan Saxena,27,Bangalore,3.42
CP01553,Ishita Nair,20,Bangalore,4.26
CP01554,Akash Nair,41,Hyderabad,2.14
CP01555,Aditya Ghosh,41,Bangalore,2.04
CP00661,Falguni Nair,20,Hyderabad,2.06
CP00661,Shaan Naidu,28,Bangalore,4.58
CP01558,Keshav Sehgal,25,Bangalore,2.23
CP01559,Varun Ranganathan,21,Bangalore,3.77
CP01560,Samar Raina,28,Hyderabad,3.41
CP01561,Lakshya Kaul,36,Hyderabad,2.4
CP01562,Pooja Shetty,23,Bangalore,2.09
CP01563,Meera Choudhury,29,Bangalore,2.01
CP01564,Abhinav Ranganathan,29,Hyderabad,3.19
CP01565,Myra Tandon,25,Hyderabad,2.54
CP01566,Jatin Bhargava,30,Hyderabad,3.15
CP01567,Dhriti Das,29,Bangalore,4.27
CP01568,Falguni Menon,34,Hyderabad,3.55
CP01569,Priya Nair,28,Hyderabad,2.05
CP01570,Rishabh Malhotra,26,Hyderabad,2.81
CP01571,Omkar Agarwal,19,Bangalore,2.68
CP01572,Vivaan Balan,19,Hyderabad,4.26
CP01573,Raghav Kaul,29,Hyderabad,4.99
CP01574,Krishna Kumar,23,Hyderabad,2.23
CP01575,Esha Kapoor,21,Bangalore,2.9
CP01576,Hitesh Rathi,28,Hyderabad,4
CP01577,Parth Dubey,18,Bangalore,3.23
CP01578,Prithvi Menon,24,Hyderabad,4.32
CP01579,Jay Chatterjee,25,Bangalore,2.43
CP01580,Anjali Chopra,40,Bangalore,2.77
CP01581,Nihal Seth,,Bangalore,3.48
CP01582,Parth Trivedi,32,Bangalore,3.85
CP01583,Rohan Iyer,32,Bangalore,2.35
CP01584,Falguni Patel,20,Bangalore,2.32
CP01585,Harsh Verghese,20,Bangalore,3.63
CP01586,Ayaan Sood,28,Bangalore,2.52
CP01587,Yash Raina,20,Bangalore,4.54
CP01588,Karan Sethi,34,Bangalore,3.75
CP01589,Zain Singh,36,Bangalore,2.55
CP01590,Dhruv Ranganathan,,Bangalore,2.88
CP01591,Ujjwal Bhalla,29,Hyderabad,2.85
CP01592,Devansh Joshi,30,Bangalore,4.53
CP01593,Yashwant Pillai,22,Bangalore,3.1
CP01594,Vihaan Joshi,21,Hyderabad,2.08
CP01595,Ishita Trivedi,20,Bangalore,2.56
CP01596,Rehan Bhatia,21,Bangalore,2.72
CP01597,Shruti Vora,20,Bangalore,3.57
CP01598,Aditya Puri,26,Bangalore,2.93
CP01599,Sai Mehta,,Hyderabad,4.49
,Isha Rao,22,Hyderabad,4.39
CP01601,Devansh Nair,38,Bangalore,3.66
CP01602,Mayank Menon,30,Bangalore,3.81
,Arnav Tandon,,Bangalore,4.67
CP01604,Dhruv Kapoor,25,Hyderabad,3.09
CP01605,Diya Saini,,Hyderabad,3.7
CP01606,Karan Shetty,19,Bangalore,3.63
CP01607,Gagan Wadhwa,24,Bangalore,3.23
CP01608,Vivaan Saxena,34,Bangalore,2.32
CP01609,Om Rao,,Hyderabad,2.58
CP01610,Parth Shetty,,Bangalore,2.48
CP01611,Anvay Kaushik,28,Bangalore,3.48
CP01612,Gagan Tiwari,29,Bangalore,2.31
CP01613,Karan Trivedi,39,Bangalore,2.29
CP01614,Arya Mathur,,Bangalore,2.27
CP01615,Neha Nanda,32,Hyderabad,4.38
CP01616,Yuvraj Sehgal,,Hyderabad,4.6
CP01617,Tanvi Mehra,,Bangalore,4.24
CP01618,Karan Bhalla,18,Hyderabad,4.47
CP01619,Neha Shukla,38,Bangalore,2.74
CP01620,Shruti Nair,18,Bangalore,4.34
CP01621,Gaurav Chatterjee,37,Hyderabad,4.61
CP01622,Tanvi Agarwal,45,Bangalore,4.65
CP01623,Arya Gupta,44,Bangalore,3.45
CP01624,Keshav Shukla,24,Bangalore,3.78
CP01625,Anvay Saini,29,Hyderabad,2.2
CP01626,Falguni Raina,22,Hyderabad,3.76
CP00661,Akash Jain,18,Hyderabad,2.79
CP01628,Akash Mathur,34,Bangalore,2.97
CP01629,Riya Sinha,30,Bangalore,4.7
CP01630,Tejas Sood,44,Hyderabad,4.88
CP01631,Nihal Mehta,23,Hyderabad,4.5
CP01632,Isha Desai,31,Hyderabad,2.29
CP01633,Karan Bhat,31,Bangalore,3.45
CP01634,Kunal Luthra,40,Hyderabad,2.19
,Omkar Dutta,27,Hyderabad,3.72
CP01636,Ishaan Dutta,,Bangalore,4.4
CP00661,Neha Shetty,38,Bangalore,4.79
CP01638,Diya Chopra,26,Hyderabad,2.59
CP01639,Rohan Iyer,,Bangalore,3.41
CP01640,Shruti Naidu,26,Bangalore,3.87
CP01641,Gagan Dey,26,Bangalore,2.83
CP01642,Saanvi Saxena,19,Bangalore,4.89
CP01643,Neha Shetty,29,Bangalore,4.68
CP01644,Priya Choudhary,19,Bangalore,4.86
CP01645,Vivaan Kapoor,26,Bangalore,3.54
,Anjali Patel,32,Bangalore,3.76
CP00661,Neha Balan,19,Bangalore,4.87
CP01648,Karan Saxena,23,Bangalore,3.17
CP01649,Jay Sood,20,Bangalore,2.04
CP01650,Esha Mehra,,Bangalore,3.42
CP01651,Tanya Bansal,30,Bangalore,2.69
CP01652,Aniket Jain,34,Bangalore,2.23
CP01653,Isha Kaul,26,Bangalore,3.04
CP01654,Ritvik Kapoor,29,Bangalore,3.01
CP01655,Ishita Kulkarni,19,Hyderabad,4.74
CP01656,Shaurya Bansal,22,Hyderabad,4.75
CP01657,Hrithik Balan,43,Bangalore,3.86
CP01658,Daksh Mehra,38,Hyderabad,2.03
CP01659,Kiara Chopra,20,Bangalore,3.96
CP01660,Tanya Hegde,39,Bangalore,4.12
CP01661,Advaith Singh,21,Bangalore,4.4
CP01662,Vedant Hegde,30,Hyderabad,3.24
CP01663,Vivaan Joshi,27,Bangalore,2.25
CP01664,Kiara Shetty,38,Bangalore,4.22
CP01665,Zain Iyer,27,Bangalore,2.44
CP01666,Aditya Kumar,30,Bangalore,4.93
CP01667,Karan Anand,26,Bangalore,4.47
CP01668,Shaan Rathi,28,Hyderabad,4.52
CP01669,Kunal Chandra,,Bangalore,4.28
CP01670,Shaan Desai,29,Bangalore,2.86
CP01671,Ayaan Kaul,33,Hyderabad,2.19
CP01672,Esha Khanna,25,Bangalore,3.31
CP01673,Aniket Kapoor,23,Bangalore,3.63
CP01674,Priya Dubey,27,Hyderabad,3.62
CP01675,Hitesh Choudhary,33,Bangalore,2.52
CP01676,Tanmay Puri,24,Bangalore,4.34
CP01677,Ananya Sethi,19,Bangalore,2.66
CP01678,Varun Bhatia,33,Bangalore,2.02
CP01679,Gaurav Dubey,28,Bangalore,4.02
CP01680,Prithvi Mehta,23,Bangalore,2.16
,Tanmay Seth,36,Hyderabad,4.96
CP00661,Abhinav Jain,21,Bangalore,3.64
CP01683,Ujjwal Raina,34,Hyderabad,4.32
CP01684,Yash Shukla,19,Bangalore,4.25
CP01685,Ivaan Kaul,19,Hyderabad,2.84
CP01686,Varun Sethi,26,Bangalore,4.58
CP01687,Hriday Sethi,42,Hyderabad,2.53
,Aditya Bedi,23,Bangalore,2.97
CP01689,Falguni Mehta,35,Bangalore,3.61
CP01690,Gaurav Jain,19,Bangalore,2.3
CP01691,Vedant Agarwal,31,Hyderabad,2.79
CP01692,Hrithik Reddy,33,Bangalore,4.63
CP01693,Harsh Bhatt,,Bangalore,3.39
CP01694,Chaitanya Prasad,38,Bangalore,2.69
CP01695,Kunal Malhotra,26,Bangalore,4.49
CP01696,Isha Patel,,Hyderabad,2.95
CP01697,Rishabh Laghate,18,Bangalore,2.41
CP01698,Karan Bansal,24,Hyderabad,3.17
CP01699,Devansh Ranganathan,,Hyderabad,3.43
CP01700,Aarav Kaushik,18,Hyderabad,2.68
CP01701,Gagan Bansal,45,Bangalore,3.52
CP01702,Tanvi Jain,,Bangalore,3.33
CP01703,Yashwant Saini,21,Hyderabad,3.52
CP01704,Hitesh Nair,20,Bangalore,3.2
CP01705,Myra Pillai,33,Hyderabad,2.88
CP01706,Gagan Kulkarni,32,Hyderabad,4.46
CP01707,Ayaan Choudhary,18,Bangalore,3.57
CP01708,Devansh Reddy,26,Bangalore,4.86
CP00661,Vihaan Choudhury,32,Hyderabad,2.05
CP01710,Krishna Bansal,28,Hyderabad,4.04
CP01711,Yashwant Seth,45,Bangalore,2.96
CP01712,Yuvraj Mehta,32,Bangalore,3.82
,Myra Ranganathan,44,Bangalore,4.72
CP01714,Falguni Shukla,34,Hyderabad,3.6
CP01715,Yashwant Nair,25,Hyderabad,3.59
CP01716,Nikhil Anand,42,Bangalore,4.28
CP01717,Tejas Balan,18,Hyderabad,4.13
CP01718,Zain Bhatia,38,Bangalore,2.81
CP01719,Aarav Pillai,28,Hyderabad,3.53
,Pooja Puri,27,Hyderabad,4.47
CP01721,Riya Ghosh,18,Hyderabad,2.3
CP01722,Omkar Jain,31,Bangalore,4.61
CP01723,Priya Das,23,Bangalore,2.88
CP01724,Karan Rathi,28,Hyderabad,2.65
CP01725,Kunal Verma,35,Bangalore,2.2
CP01726,Eshan Anand,42,Bangalore,4.75
CP01727,Kunal Iyer,33,Hyderabad,2.16
CP01728,Yash Pillai,19,Hyderabad,3.33
CP01729,Tanya Rajan,29,Bangalore,2.1
CP01730,Mayank Bansal,34,Bangalore,3
CP01731,Riya Luthra,34,Hyderabad,3.53
CP01732,Neha Dutta,25,Bangalore,4.04
CP01733,Aarush Nambiar,37,Hyderabad,3.9
CP01734,Rishabh Bhalla,18,Bangalore,4.15
CP01735,Aditya Khandelwal,28,Bangalore,4.14
CP01736,Shaurya Bhalla,18,Bangalore,2.86
CP01737,Tanmay Anand,20,Bangalore,2.03
CP01738,Om Khandelwal,30,Bangalore,2.38
,Arnav Choudhury,44,Hyderabad,3.2
CP01740,Rishabh Dubey,44,Bangalore,4.4
CP01741,Vivaan Trivedi,22,Bangalore,2.95
CP01742,Aarush Rathi,18,Bangalore,4.92
CP01743,Omkar Rathi,28,Bangalore,3.52
CP01744,Tanish Das,,Bangalore,2.04
CP01745,Akash Dutta,22,Hyderabad,3.25
CP01746,Shaan Patel,30,Bangalore,3.11
CP01747,Karan Luthra,37,Hyderabad,4.48
CP00661,Shaan Kapoor,40,Bangalore,4.71
CP01749,Sai Kapoor,21,Hyderabad,3.21
,Sai Sehgal,34,Hyderabad,2.5
CP01751,Arhaan Jain,,Bangalore,4.4
CP01752,Hitesh Das,26,Bangalore,3.03
CP01753,Jay Anand,29,Bangalore,2.76
CP01754,Aarush Iyer,36,Bangalore,3.4
CP01755,Gagan Bansal,26,Bangalore,2.75
CP01756,Aniket Chopra,41,Bangalore,4.12
CP01757,Meera Mahajan,27,Bangalore,2.44
CP01758,Lakshya Nambiar,29,Bangalore,3.95
CP01759,Lakshya Desai,42,Hyderabad,3.66
,Dhruv Ghosh,39,Hyderabad,4.16
CP01761,Kunal Kapoor,,Bangalore,3.01
CP01762,Pooja Choudhary,35,Bangalore,2.91
CP01763,Tanvi Saxena,38,Hyderabad,2.43
CP01764,Arya Chatterjee,29,Hyderabad,2.5
CP01765,Abhinav Iyer,38,Bangalore,2.34
CP01766,Harsh Rajan,18,Hyderabad,4.57
CP01767,Sakshi Kaul,30,Hyderabad,3.07
,Arhaan Naidu,32,Bangalore,3
CP01769,Ujjwal Sharma,27,Hyderabad,3.2
CP01770,Raghav Mohan,25,Bangalore,2.71
CP01771,Pooja Bhatia,33,Bangalore,4.08
CP01772,Ansh Agarwal,36,Bangalore,3.31
,Rishabh Vora,29,Bangalore,4.1
CP01774,Ansh Mehta,35,Hyderabad,2.33
CP01775,Naman Khandelwal,18,Hyderabad,2.88
CP01776,Hrithik Khandelwal,28,Hyderabad,3.74
CP01777,Bhavya Saxena,21,Bangalore,4.06
CP01778,Shaurya Vohra,26,Bangalore,2.2
CP01779,Rishabh Kapoor,45,Bangalore,4.61
CP01780,Myra Raina,20,Bangalore,2.6
CP01781,Advaith Saxena,,Bangalore,3.44
CP01782,Meera Sehgal,32,Bangalore,2.98
CP01783,Abhinav Patel,30,Hyderabad,4.52
CP01784,Raj Gupta,19,Bangalore,3.16
CP01785,Aarohi Shukla,43,Bangalore,4.33
CP01786,Myra Tandon,19,Hyderabad,3.13
CP01787,Advaith Sethi,,Bangalore,2.77
CP01788,Harsh Raina,19,Bangalore,4.61
CP01789,Nihal Balan,23,Bangalore,2.86
CP01790,Tejas Kulkarni,19,Bangalore,2.71
CP01791,Madhav Bedi,32,Bangalore,2.78
CP01792,Ayaan Bhalla,45,Bangalore,4.96
CP01793,Kavya Pillai,21,Bangalore,4.11
CP01794,Krishna Chopra,25,Bangalore,2.1
,Tejas Anand,20,Bangalore,2.6
CP01796,Bhavya Dubey,28,Hyderabad,3.26
CP01797,Kiara Verghese,,Bangalore,2.54
CP01798,Jatin Sehgal,29,Bangalore,4.52
CP01799,Gaurav Sinha,35,Bangalore,2.67
CP01800,Arnav Agarwal,20,Hyderabad,2.15
CP01801,Prithvi Dey,19,Hyderabad,3.94
CP01802,Shaan Laghate,31,Hyderabad,4.1
CP01803,Advaith Choudhary,31,Bangalore,2.44
CP01804,Advaith Choudhary,,Bangalore,4.55
CP01805,Kiara Kaul,43,Bangalore,4.19
CP01806,Naman Sharma,19,Hyderabad,2.86
CP01807,Zain Mahajan,19,Bangalore,3.87
CP01808,Devansh Rajan,26,Bangalore,2.9
CP01809,Vivaan Rathi,34,Bangalore,4.16
CP00661,Pranav Bhatia,29,Hyderabad,3.72
CP01811,Meera Saxena,29,Hyderabad,2.73
CP01812,Gagan Gupta,31,Bangalore,3.62
CP01813,Vivaan Anand,29,Bangalore,2.83
CP01814,Tanish Wadhwa,41,Bangalore,3.13
CP01815,Rehan Agarwal,21,Bangalore,4.49
CP01816,Kabir Raina,33,Bangalore,4.94
CP01817,Pooja Saxena,29,Bangalore,3.95
CP01818,Meera Puri,45,Bangalore,4.54
,Hrithik Rathi,27,Bangalore,3.78
CP01820,Jay Saxena,37,Bangalore,4.97
CP01821,Ritesh Mathur,24,Bangalore,2.12
CP01822,Gagan Khandelwal,,Hyderabad,3.02
CP00661,Kavya Malhotra,27,Bangalore,4.42
CP01824,Tanya Saini,24,Bangalore,4.41
CP01825,Aarush Chatterjee,27,Hyderabad,3.19
CP01826,Priya Bedi,27,Bangalore,3.47
CP01827,Samar Dubey,33,Hyderabad,4.1
CP01828,Rishabh Dutta,,Bangalore,4.12
CP01829,Pranav Khanna,25,Bangalore,2.91
CP00661,Jatin Mahajan,20,Bangalore,3.97
,Ritvik Verghese,19,Bangalore,4.61
CP01832,Yuvraj Patel,19,Bangalore,2.8
CP01833,Tanish Mehta,30,Bangalore,4.88
CP01834,Aadhya Luthra,26,Bangalore,3.16
CP01835,Anjali Anand,27,Hyderabad,2.04
CP01836,Ishaan Desai,31,Hyderabad,2.67
CP01837,Ishaan Kapoor,32,Bangalore,2.01
CP01838,Shruti Dey,27,Hyderabad,2.03
CP01839,Aditya Sehgal,23,Bangalore,2.1
CP01840,Gagan Mahajan,33,Bangalore,3.44
CP01841,Abhinav Tandon,18,Bangalore,4.89
CP01842,Aarohi Sharma,21,Bangalore,4.77
CP01843,Keshav Seth,19,Bangalore,3.86
CP01844,Naman Khandelwal,20,Bangalore,3.69
CP00661,Jay Saxena,,Hyderabad,3.38
CP01846,Vivaan Iyer,22,Bangalore,4.05
CP01847,Raghav Kapoor,26,Bangalore,2.45
CP01848,Anjali Bhalla,22,Hyderabad,4.49
CP01849,Uday Mahajan,28,Hyderabad,4.22
CP01850,Manav Joshi,26,Bangalore,3.74
,Kunal Nair,34,Bangalore,3.42
CP01852,Tanya Vora,32,Bangalore,3.66
CP01853,Jay Jain,25,Hyderabad,2.36
CP01854,Ayaan Seth,,Bangalore,4.88
CP01855,Aarav Chhabra,20,Hyderabad,3.07
CP01856,Priya Raina,38,Hyderabad,2.53
CP01857,Ayaan Tandon,33,Hyderabad,4.98
CP01858,Aarush Hegde,28,Bangalore,2.33
CP01859,Yash Vohra,,Bangalore,4.14
CP01860,Prithvi Naidu,22,Hyderabad,4.5
,Vedant Wadhwa,31,Bangalore,3.35
CP01862,Arhaan Verghese,18,Hyderabad,3.03
CP01863,Kiara Khandelwal,31,Bangalore,3.5
,Yuvraj Menon,20,Hyderabad,3.27
CP01865,Anjali Trivedi,32,Bangalore,2.97
CP01866,Lakshya Saini,45,Hyderabad,2.95
CP01867,Dhruv Pillai,,Bangalore,4.94
CP01868,Yash Malhotra,41,Hyderabad,3.58
CP01869,Bhavya Khanna,19,Bangalore,3.35
CP01870,Meera Tiwari,32,Bangalore,4.07
CP01871,Aarohi Rathi,37,Bangalore,3.74
CP01872,Dhruv Kapoor,21,Bangalore,3.74
CP01873,Manav Vora,24,Bangalore,2.39
CP01874,Tanya Bhatt,29,Bangalore,3.79
CP00661,Yash Kapoor,28,Bangalore,4.24
CP01876,Myra Chandra,32,Bangalore,4.46
CP01877,Neha Verghese,26,Hyderabad,3.25
CP01878,Raghav Verma,29,Hyderabad,3.56
CP01879,Rishabh Thakur,30,Bangalore,3.08
CP01880,Ayaan Rao,21,Hyderabad,4.22
CP01881,Varun Sharma,,Bangalore,4.01
CP01882,Ayaan Vohra,39,Hyderabad,4.05
CP01883,Karan Desai,19,Bangalore,2.27
CP01884,Sakshi Kulkarni,18,Hyderabad,4.87
CP01885,Shaurya Choudhury,33,Bangalore,4.46
CP01886,Ojas Sharma,32,Bangalore,2.38
CP01887,Mayank Patel,30,Hyderabad,4
CP01888,Parth Singh,19,Bangalore,3.67
CP01889,Ishaan Thakur,24,Bangalore,3.08
,Keshav Puri,40,Hyderabad,2.96
CP01891,Kavya Bhargava,40,Hyderabad,3.41
CP01892,Ivaan Sethi,26,Bangalore,3.28
CP01893,Neha Bansal,25,Hyderabad,3.69
CP01894,Keshav Verma,19,Bangalore,2.78
CP01895,Ivaan Anand,30,Hyderabad,2.27
CP01896,Samar Menon,34,Bangalore,2.35
CP01897,Kabir Ghosh,44,Bangalore,3.63
CP00661,Aarohi Das,22,Bangalore,4.17
CP01899,Harsh Iyer,31,Bangalore,2.99
CP01900,Vihaan Balan,45,Bangalore,2.98
CP01901,Kabir Dey,29,Bangalore,4.72
CP01902,Omkar Menon,45,Bangalore,3.44
CP01903,Diya Bhargava,,Bangalore,2.15
CP01904,Rehan Agarwal,42,Hyderabad,3.03
CP01905,Madhav Nair,24,Bangalore,2.85
CP01906,Karan Khurana,33,Bangalore,2.43
CP01907,Ojas Verma,34,Hyderabad,4
CP00661,Kunal Mathur,21,Hyderabad,2.41
CP01909,Sakshi Luthra,30,Hyderabad,4.53
CP01910,Ujjwal Jain,22,Bangalore,3.41
CP01911,Neha Luthra,34,Hyderabad,3.36
CP01912,Om Luthra,,Hyderabad,2.93
CP01913,Eshan Tandon,45,Bangalore,4.95
CP01914,Esha Ranganathan,20,Bangalore,4.52
CP01915,Aryan Singh,33,Bangalore,4.76
CP01916,Manav Tiwari,27,Hyderabad,3.39
CP01917,Diya Khandelwal,31,Hyderabad,4.13
CP01918,Hitesh Khurana,39,Bangalore,4.69
,Hitesh Prasad,20,Bangalore,3.25
CP01920,Ivaan Naidu,37,Bangalore,2.21
CP01921,Ishaan Rao,33,Bangalore,4.57
CP01922,Ananya Jain,,Bangalore,2.81
CP01923,Raj Bhatt,30,Hyderabad,4.13
CP01924,Tanvi Verghese,28,Hyderabad,3.33
CP01925,Aarush Bansal,22,Hyderabad,2.95
CP01926,Anjali Thakur,39,Bangalore,3.9
CP01927,Raghav Malhotra,35,Bangalore,4.36
CP01928,Yuvraj Mehta,31,Bangalore,4.73
CP01929,Abhinav Rajan,33,Bangalore,3.51
CP01930,Raj Rao,35,Hyderabad,3.07
CP00661,Jay Chopra,35,Bangalore,3.06
CP01932,Raghav Seth,27,Bangalore,4.64
CP01933,Lakshya Iyer,18,Bangalore,4.7
CP01934,Ritesh Kaushik,26,Bangalore,3.16
CP01935,Eshan Shukla,18,Bangalore,3.22
CP01936,Ayaan Mathur,18,Hyderabad,2.44
CP01937,Ojas Bhargava,,Hyderabad,2.57
CP01938,Yash Malhotra,,Bangalore,2.22
CP01939,Arya Bhalla,,Bangalore,2.64
CP01940,Ritvik Sinha,31,Bangalore,2.86
CP01941,Tanya Dubey,34,Hyderabad,3.88
CP01942,Chaitanya Chandra,29,Hyderabad,2.27
CP01943,Anvay Iyer,23,Hyderabad,3.14
CP01944,Kiara Mehra,28,Bangalore,4.48
CP01945,Advaith Bedi,33,Bangalore,3.64
CP01946,Naman Jain,44,Bangalore,4.26
CP01947,Rishabh Jain,18,Bangalore,2.72
CP01948,Kabir Saxena,35,Hyderabad,3.22
CP01949,Bhavya Gupta,30,Bangalore,3.63
CP01950,Vedant Dey,26,Bangalore,3.67
CP01951,Eshan Rao,43,Bangalore,4.33
CP01952,Arya Singh,27,Hyderabad,4.98
CP00661,Mayank Laghate,18,Bangalore,4.39
CP01954,Krishna Saxena,28,Hyderabad,4.55
CP01955,Tanya Saxena,26,Hyderabad,2.81
CP01956,Varun Anand,28,Bangalore,4.81
,Neha Pillai,20,Bangalore,2.3
CP01958,Rohan Bhatt,27,Bangalore,2.97
CP01959,Kavya Ghosh,27,Bangalore,3.59
CP01960,Kunal Agarwal,29,Bangalore,3.12
CP01961,Eshan Bhargava,,Bangalore,4.12
CP00661,Sahil Naidu,26,Bangalore,2.15
CP01963,Yashwant Mathur,40,Bangalore,2.04
CP01964,Vivaan Mohan,22,Hyderabad,3.39
CP01965,Bhavya Nair,,Hyderabad,4.14
CP01966,Ayaan Dey,34,Bangalore,3.81
CP01967,Shaurya Rao,18,Bangalore,3.44
CP01968,Darsh Chandra,26,Hyderabad,3.84
CP01969,Shaurya Singh,19,Bangalore,4.67
CP00661,Neha Agarwal,34,Bangalore,4.91
CP01971,Ayaan Kumar,28,Hyderabad,4.14
CP01972,Ritesh Gupta,29,Bangalore,4.58
CP01973,Pooja Chandra,28,Hyderabad,4.93
CP01974,Esha Pillai,25,Bangalore,4.42
CP01975,Rohan Kaul,20,Bangalore,4.38
CP01976,Ayaan Pillai,24,Hyderabad,3.38
CP01977,Vihaan Dey,44,Bangalore,2.56
CP01978,Dhriti Menon,23,Bangalore,4.54
CP01979,Ansh Sharma,18,Bangalore,4.78
CP01980,Shaan Singh,35,Bangalore,3.93
CP01981,Tejas Malhotra,39,Bangalore,3.39
CP01982,Parth Sood,18,Hyderabad,2.31
CP01983,Jatin Kulkarni,28,Bangalore,2.66
CP01984,Meera Anand,36,Hyderabad,3.53
CP01985,Uday Bhalla,22,Bangalore,2.48
CP01986,Vihaan Kulkarni,23,Bangalore,4.8
CP01987,Tanya Anand,18,Hyderabad,4.91
CP01988,Ishita Gupta,28,Hyderabad,2.2
CP01989,Devansh Kapoor,27,Bangalore,2.81
CP01990,Arya Raina,31,Hyderabad,4.6
CP01991,Anjali Kapoor,24,Bangalore,4.81
CP01992,Ananya Naidu,24,Hyderabad,3.13
CP01993,Neha Malhotra,27,Bangalore,2.09
CP00661,Tanish Tiwari,32,Bangalore,3.61
CP01995,Sai Choudhary,18,Bangalore,4.61
CP01996,Anvay Sharma,32,Bangalore,4.82
,Anvay Naidu,42,Bangalore,4.09
CP01998,Chaitanya Chopra,23,Bangalore,2.29
CP01999,Dhruv Rajan,32,Bangalore,4.75
CP02000,Ananya Bansal,23,Bangalore,3.41
CP02001,Kavya Rajan,24,Hyderabad,3.65
CP00661,Rohan Menon,18,Bangalore,4.6
,Advaith Tiwari,42,Bangalore,4.94
CP02004,Arnav Bhalla,26,Hyderabad,3.24
CP02005,Isha Menon,30,Hyderabad,4.29
CP02006,Shaan Kaul,21,Bangalore,2.26
CP02007,Yash Mehta,19,Bangalore,2.2
,Ayaan Sinha,37,Bangalore,4.03
CP02009,Aarush Trivedi,40,Hyderabad,3.78
CP02010,Meera Mehta,31,Bangalore,2.54
CP02011,Daksh Kaul,,Bangalore,3.53
CP02012,Vihaan Bhatia,30,Bangalore,2.77
CP02013,Ritvik Anand,28,Bangalore,3.24
CP02014,Keshav Kapoor,34,Hyderabad,4.84
CP02015,Ananya Desai,27,Bangalore,3.85
CP02016,Luv Puri,26,Bangalore,4.02
CP02017,Riya Bansal,23,Bangalore,3.68
,Aarav Choudhary,31,Bangalore,4.64
CP02019,Omkar Agarwal,26,Hyderabad,4.03
CP02020,Advaith Reddy,24,Hyderabad,3.15
CP02021,Luv Kapoor,19,Bangalore,3.88
CP02022,Ritesh Kapoor,,Hyderabad,4.27
,Tejas Shetty,33,Hyderabad,3.35
CP02024,Aadhya Naidu,27,Bangalore,3.95
CP02025,Rohan Ranganathan,41,Hyderabad,4.32
CP02026,Anvay Chopra,33,Bangalore,3.54
CP02027,Karan Chatterjee,27,Hyderabad,2.71
CP02028,Madhav Ghosh,25,Bangalore,3.8
CP02029,Mayank Mohan,19,Bangalore,4.45
CP02030,Kabir Iyer,19,Bangalore,3.43
CP02031,Aditya Nanda,24,Bangalore,3.12
CP02032,Ritvik Agarwal,21,Bangalore,3.99
CP02033,Neha Kaul,35,Hyderabad,3.59
CP02034,Ivaan Thakur,25,Hyderabad,4.65
CP02035,Ojas Kapoor,25,Hyderabad,3.61
CP02036,Kiara Mehra,40,Hyderabad,4.58
CP02037,Krishna Tiwari,,Bangalore,2.49
CP02038,Gagan Bhatt,27,Hyderabad,4.52
CP02039,Daksh Nair,20,Hyderabad,3.63
CP02040,Sahil Rajan,,Hyderabad,4.74
CP02041,Aadhya Dutta,23,Bangalore,3.45
,Tejas Shetty,22,Bangalore,3.98
CP02043,Ritvik Kapoor,22,Bangalore,3.32
CP02044,Ojas Balan,20,Bangalore,3.55
CP02045,Prithvi Dutta,28,Hyderabad,4.49
CP00661,Gaurav Pillai,38,Hyderabad,4.71
CP02047,Neha Nambiar,27,Hyderabad,3.58
CP02048,Shruti Gupta,25,Bangalore,3.97
,Tanish Nambiar,20,Bangalore,3.34
CP02050,Jay Saxena,36,Bangalore,2.84
CP02051,Kunal Balan,33,Hyderabad,4.06
CP02052,Vivaan Nanda,18,Hyderabad,3
CP02053,Rishabh Bansal,25,Hyderabad,2.55
CP02054,Bhavya Choudhury,30,Bangalore,4.94
CP02055,Abhinav Pillai,,Bangalore,4.09
CP02056,Rishabh Bansal,27,Hyderabad,3.71
CP02057,Ansh Thakur,18,Hyderabad,4.72
CP02058,Yashwant Sood,42,Hyderabad,4.86
CP02059,Yuvraj Desai,27,Bangalore,3.77
CP02060,Ananya Sharma,23,Bangalore,2.72
CP02061,Abhinav Laghate,24,Hyderabad,3.38
CP02062,Riya Chandra,24,Bangalore,2.19
,Pranav Singh,38,Bangalore,4.9
CP02064,Aniket Sehgal,35,Hyderabad,4.14
CP02065,Pooja Vora,29,Hyderabad,4.22
CP02066,Ananya Bhatia,27,Bangalore,2.26
CP02067,Madhav Rao,29,Hyderabad,2.29
CP02068,Aarush Desai,,Bangalore,2.34
CP02069,Arjun Anand,28,Bangalore,3.54
CP02070,Neha Ranganathan,27,Bangalore,2.19
CP02071,Nikhil Puri,34,Bangalore,2.17
CP00661,Pranav Sethi,,Bangalore,3.49
CP02073,Anjali Khurana,20,Bangalore,4.93
CP02074,Manav Rathi,30,Hyderabad,3.4
CP02075,Aryan Iyer,26,Bangalore,3.92
CP02076,Pranav Thakur,30,Bangalore,2.21
CP02077,Pranav Trivedi,18,Hyderabad,3.71
CP02078,Om Anand,24,Hyderabad,3.2
CP02079,Gagan Verma,45,Bangalore,4.39
CP02080,Rehan Mehta,35,Hyderabad,2.71
CP02081,Meera Sharma,41,Bangalore,3.75
CP02082,Mayank Mohan,35,Hyderabad,4.89
CP02083,Aarav Dutta,38,Bangalore,2.94
CP02084,Dhruv Chatterjee,21,Bangalore,2.05
CP02085,Aditya Patel,33,Hyderabad,2.4
CP02086,Yuvraj Agarwal,29,Bangalore,4.35
,Varun Bhatia,28,Bangalore,2.45
CP00661,Yash Kapoor,23,Bangalore,2.63
CP02089,Om Rajan,36,Bangalore,3.85
CP02090,Sai Saxena,34,Hyderabad,4
CP02091,Tejas Ghosh,33,Bangalore,2.74
CP02092,Yuvraj Trivedi,33,Bangalore,3.44
CP02093,Vedant Anand,24,Bangalore,3.49
CP02094,Anvay Bhatt,31,Bangalore,2.76
CP02095,Samar Trivedi,32,Hyderabad,4.91
,Dhriti Naidu,20,Bangalore,3
CP02097,Kunal Malhotra,23,Bangalore,2.65
CP02098,Om Dubey,,Bangalore,3.91
CP02099,Shaan Kulkarni,21,Bangalore,2.86
CP02100,Ayaan Reddy,32,Bangalore,4.95
CP02101,Shruti Ghosh,21,Hyderabad,3.3
CP02102,Darsh Desai,27,Hyderabad,4.3
CP02103,Mayank Kapoor,38,Bangalore,4.03
CP02104,Tanish Hegde,36,Bangalore,4.49
CP02105,Neha Iyer,,Bangalore,2.78
CP02106,Myra Kulkarni,,Hyderabad,4.24
CP02107,Aarush Bhargava,21,Bangalore,2.9
CP00661,Gaurav Pillai,21,Bangalore,3.25
CP00661,Rohan Rajan,21,Hyderabad,2.26
CP02110,Zain Puri,21,Hyderabad,4.82
CP02111,Prithvi Pillai,28,Bangalore,3.08
CP02112,Om Prasad,18,Bangalore,3.57
CP02113,Abhinav Dutta,20,Bangalore,4.22
CP02114,Madhav Bansal,,Bangalore,2.76
CP02115,Saanvi Yadav,18,Hyderabad,4.22
CP02116,Tanvi Mehta,,Hyderabad,2.67
CP02117,Ayaan Sharma,33,Bangalore,2.33
CP02118,Yash Trivedi,20,Bangalore,4.17
CP02119,Ishaan Chatterjee,33,Bangalore,4.96
CP02120,Shaurya Tiwari,30,Bangalore,3.94
CP02121,Myra Sethi,25,Bangalore,2.22
CP02122,Dhriti Naidu,,Bangalore,2.34
,Shaan Mehta,33,Bangalore,2.84
CP02124,Shruti Rathi,38,Hyderabad,3.07
CP02125,Samar Joshi,34,Hyderabad,3.72
,Luv Mehta,24,Bangalore,2.3
CP02127,Aarush Bhalla,20,Bangalore,4.26
CP02128,Vivaan Saini,22,Hyderabad,2.84
CP02129,Aadhya Prasad,31,Hyderabad,4.87
,Tejas Naidu,24,Bangalore,2.42
CP02131,Aniket Rao,30,Bangalore,3.89
CP02132,Vihaan Naidu,,Bangalore,2.89
CP02133,Keshav Vora,33,Hyderabad,2.57
,Tejas Kaul,28,Hyderabad,2.38
CP02135,Kiara Kapoor,26,Bangalore,4.2
CP02136,Raj Shetty,31,Hyderabad,4.38
CP02137,Parth Goyal,35,Bangalore,3.47
CP02138,Aarush Sinha,35,Bangalore,3.63
CP02139,Ivaan Malhotra,33,Hyderabad,4.73
CP02140,Gaurav Menon,18,Bangalore,3.75
CP02141,Rehan Trivedi,34,Bangalore,4.6
CP02142,Gagan Ghosh,26,Hyderabad,4.53
CP02143,Anvay Desai,27,Hyderabad,2.97
CP02144,Esha Trivedi,18,Hyderabad,4.84
CP02145,Tanmay Sinha,,Bangalore,4
CP02146,Omkar Bhatt,34,Hyderabad,3.38
CP02147,Aarav Kaushik,18,Hyderabad,2.4
CP02148,Ujjwal Pillai,20,Bangalore,4.06
CP02149,Samar Malhotra,28,Bangalore,4.03
CP02150,Nikhil Joshi,25,Bangalore,4.82
CP02151,Advaith Bansal,23,Bangalore,2.72
CP02152,Ritvik Das,26,Hyderabad,3.49
CP02153,Tanish Khanna,32,Bangalore,3.35
CP02154,Daksh Saini,31,Bangalore,3.42
CP02155,Ritvik Desai,23,Bangalore,3.99
CP02156,Darsh Khanna,34,Hyderabad,2.45
CP02157,Aniket Jain,23,Hyderabad,4.06
CP02158,Raghav Ranganathan,21,Bangalore,2.51
CP02159,Ritvik Anand,44,Bangalore,4.97
CP02160,Vivaan Nair,28,Hyderabad,3.4
CP02161,Rehan Ranganathan,34,Hyderabad,2.04
CP02162,Sakshi Saini,,Bangalore,2.87
,Yashwant Malhotra,,Bangalore,4.29
CP02164,Ayaan Singh,20,Bangalore,2.96
CP02165,Parth Bhargava,21,Hyderabad,2.97
CP02166,Keshav Shukla,23,Hyderabad,4.63
CP02167,Tejas Mohan,27,Bangalore,2.17
CP02168,Akash Rathi,19,Hyderabad,3.31
CP02169,Varun Bhat,45,Bangalore,4.78
CP02170,Dhruv Chopra,35,Bangalore,4.99
CP02171,Yuvraj Raina,24,Bangalore,3.64
CP02172,Aniket Mehta,,Hyderabad,2.33
CP02173,Manav Gupta,,Bangalore,2.34
CP02174,Dhriti Saxena,19,Bangalore,2.58
CP02175,Tanya Trivedi,33,Bangalore,2.85
CP02176,Aryan Bhargava,28,Bangalore,3.48
CP02177,Tanya Prasad,27,Bangalore,2.91
CP02178,Aditya Dubey,32,Hyderabad,3.87
CP02179,Vivaan Chhabra,32,Bangalore,4.94
CP02180,Vivaan Reddy,,Hyderabad,3.8
CP02181,Ayaan Pillai,20,Bangalore,2.17
CP02182,Aarush Bedi,33,Hyderabad,4.07
CP02183,Arhaan Goyal,43,Bangalore,2.53
CP00661,Rishabh Thakur,20,Hyderabad,4.15
CP02185,Prithvi Das,23,Bangalore,2.6
CP00661,Aarohi Sehgal,20,Bangalore,4.87
CP02187,Arjun Anand,34,Bangalore,4.15
CP02188,Ojas Trivedi,32,Bangalore,3.35
CP02189,Madhav Rajan,,Bangalore,4.92
CP02190,Aadhya Rao,18,Hyderabad,3.87
CP02191,Priya Prasad,45,Hyderabad,2.27
CP02192,Pooja Gupta,35,Bangalore,2.98
,Gagan Kapoor,29,Hyderabad,4.5
CP02194,Chaitanya Chopra,43,Bangalore,4.23
CP02195,Akash Saxena,35,Hyderabad,4.79
CP02196,Yashwant Rathi,22,Hyderabad,3.13
CP02197,Parth Anand,31,Hyderabad,3.51
CP02198,Yashwant Dutta,40,Bangalore,4.98
CP02199,Varun Trivedi,,Bangalore,3.5
CP02200,Anjali Sood,38,Hyderabad,4.68
CP00661,Aarohi Pillai,,Bangalore,3.06
CP02202,Isha Kaul,23,Bangalore,4.32
CP02203,Jay Agarwal,37,Hyderabad,3.27
CP02204,Anvay Raina,32,Hyderabad,2.7
CP02205,Parth Chandra,28,Bangalore,3.98
CP02206,Tejas Bhalla,30,Hyderabad,2.19
CP02207,Uday Kulkarni,,Bangalore,4.68
CP02208,Rehan Mathur,43,Hyderabad,2.6
CP02209,Kunal Puri,33,Bangalore,2.72
CP02210,Tanmay Hegde,,Bangalore,3.62
CP02211,Tejas Kumar,32,Bangalore,4.1
CP02212,Jatin Bhat,,Hyderabad,3.19
CP02213,Arya Vohra,24,Bangalore,2.45
CP02214,Riya Kaushik,29,Hyderabad,2.39
CP02215,Kavya Seth,18,Hyderabad,4.79
CP02216,Yashwant Vora,32,Hyderabad,3.97
CP02217,Ritvik Goyal,27,Hyderabad,3.75
CP02218,Aniket Menon,32,Bangalore,3.09
,Kiara Goyal,36,Bangalore,4.24
CP02220,Zain Mehta,,Bangalore,3.49
CP02221,Pooja Nair,31,Bangalore,4.32
,Ananya Bhargava,34,Hyderabad,3.72
CP02223,Arjun Anand,40,Bangalore,4.73
CP02224,Darsh Bhat,30,Hyderabad,3.27
CP02225,Tanya Khanna,22,Bangalore,4.49
CP02226,Ansh Sethi,24,Bangalore,2.7
CP02227,Aryan Bhalla,34,Bangalore,4.08
CP02228,Dhruv Kapoor,25,Hyderabad,4.24
CP02229,Jatin Rathi,31,Hyderabad,3.97
CP02230,Ansh Kaul,35,Bangalore,3.72
CP02231,Gagan Bedi,23,Bangalore,4.11
CP02232,Aadhya Raina,33,Bangalore,3.67
CP02233,Sai Tiwari,,Hyderabad,4.12
CP02234,Aniket Yadav,42,Hyderabad,4.29
CP02235,Saanvi Rathi,44,Hyderabad,4.02
CP02236,Neha Shukla,,Bangalore,3.03
CP02237,Hrithik Rajan,22,Hyderabad,2.54
CP02238,Eshan Raina,24,Hyderabad,2.01
CP02239,Madhav Dutta,26,Bangalore,4.08
CP02240,Pooja Gupta,,Hyderabad,4.61
,Rohan Ghosh,28,Hyderabad,3.29
CP02242,Luv Tandon,28,Bangalore,4.97
CP02243,Tanmay Saxena,28,Bangalore,3.5
CP02244,Ishaan Balan,21,Bangalore,4.23
CP02245,Pranav Pillai,25,Bangalore,4.28
CP02246,Kabir Das,22,Bangalore,3.04
CP02247,Hriday Saxena,26,Bangalore,3.15
CP02248,Tanmay Nambiar,39,Hyderabad,3.07
CP02249,Aniket Yadav,19,Bangalore,3.34
CP02250,Prithvi Prasad,33,Hyderabad,4.7
CP02251,Advaith Gupta,45,Bangalore,4.91
,Arya Saxena,22,Bangalore,4.3
CP02253,Isha Bhatia,26,Bangalore,4.79
,Saanvi Kumar,20,Hyderabad,4
,Tanya Sinha,23,Bangalore,4.05
CP02256,Shruti Bhalla,40,Bangalore,2.92
CP02257,Shruti Jain,37,Hyderabad,2.71
CP02258,Pranav Trivedi,34,Bangalore,4.89
CP02259,Tanya Dutta,18,Bangalore,4.76
CP02260,Jay Chatterjee,23,Bangalore,4.44
CP02261,Abhinav Ghosh,,Bangalore,3.01
CP02262,Vihaan Hegde,25,Bangalore,2.03
CP02263,Chaitanya Vora,28,Bangalore,2.23
CP02264,Krishna Rathi,34,Hyderabad,3.48
CP02265,Vivaan Mehta,,Bangalore,4.95
CP02266,Isha Agarwal,41,Hyderabad,2.04
CP02267,Ananya Menon,26,Hyderabad,3.17
CP02268,Anjali Laghate,23,Bangalore,4.09
CP02269,Kabir Kulkarni,24,Bangalore,3.75
CP02270,Sahil Sehgal,31,Hyderabad,4.2
CP02271,Aadhya Rao,26,Hyderabad,2.52
,Ananya Ghosh,30,Bangalore,2.23
CP02273,Vivaan Verma,26,Bangalore,2.47
CP02274,Arjun Khurana,21,Hyderabad,2.74
CP02275,Mayank Sinha,28,Hyderabad,3.41
CP02276,Varun Chhabra,35,Bangalore,4.49
CP02277,Zain Puri,21,Bangalore,2.26
CP02278,Aniket Tiwari,39,Hyderabad,3.93
CP02279,Riya Kumar,33,Bangalore,2.92
CP02280,Zain Kulkarni,29,Bangalore,2.28
CP00661,Nihal Chhabra,34,Bangalore,2.7
,Harsh Luthra,43,Hyderabad,2.73
CP02283,Meera Saini,36,Bangalore,4.04
CP02284,Riya Nambiar,22,Bangalore,4.34
CP02285,Sakshi Patel,36,Hyderabad,3.07
CP00661,Ivaan Sethi,23,Bangalore,4.85
CP02287,Devansh Menon,30,Hyderabad,2.71
CP02288,Tanish Malhotra,22,Bangalore,3.89
CP02289,Ritvik Nambiar,20,Hyderabad,2.54
CP02290,Dhriti Choudhary,18,Bangalore,2.66
CP02291,Uday Prasad,,Hyderabad,2.04
,Ujjwal Hegde,23,Bangalore,3.34
CP02293,Ritesh Mahajan,29,Bangalore,3
CP02294,Tejas Reddy,45,Bangalore,3.2
CP02295,Ujjwal Balan,,Bangalore,2.27
CP02296,Samar Bhat,31,Bangalore,2.39
CP02297,Arnav Pillai,27,Bangalore,3.2
CP00661,Devansh Rao,27,Bangalore,4.71
CP02299,Ayaan Agarwal,34,Bangalore,4.76
CP02300,Vihaan Thakur,40,Bangalore,3.08
CP02301,Aadhya Rathi,,Hyderabad,4.17
CP02302,Arhaan Desai,36,Bangalore,2.39
CP02303,Vedant Kaushik,42,Bangalore,2.28
CP02304,Tanmay Naidu,18,Hyderabad,3.18
CP02305,Kiara Chandra,18,Bangalore,2.7
CP02306,Esha Anand,43,Bangalore,4.48
CP02307,Hrithik Sethi,24,Bangalore,4.8
CP02308,Keshav Kapoor,18,Hyderabad,4.62
CP02309,Gagan Chhabra,37,Bangalore,3.43
CP02310,Daksh Sood,32,Bangalore,2.2
CP02311,Anvay Iyer,39,Bangalore,4.2
CP02312,Aarush Trivedi,32,Bangalore,2.5
CP02313,Gagan Verma,24,Bangalore,2.82
CP02314,Ishita Kapoor,21,Bangalore,4.57
CP02315,Krishna Mathur,33,Bangalore,3.99
CP02316,Rohan Verma,23,Bangalore,2.61
CP02317,Ansh Sehgal,25,Bangalore,4.49
CP02318,Dhruv Anand,20,Bangalore,4.8
CP02319,Karan Kumar,27,Bangalore,3.25
CP02320,Vihaan Menon,,Hyderabad,3.5
CP02321,Zain Raina,34,Hyderabad,2.1
CP02322,Hriday Malhotra,23,Hyderabad,2.75
CP02323,Ujjwal Gupta,27,Hyderabad,3.13
CP02324,Arya Nanda,42,Bangalore,3.95
CP02325,Jay Luthra,,Bangalore,3.65
CP02326,Esha Bansal,34,Bangalore,2.56
CP02327,Sakshi Dubey,21,Bangalore,4.29
CP02328,Myra Trivedi,21,Bangalore,2.52
CP02329,Mayank Singh,34,Bangalore,4.33
CP02330,Ojas Nambiar,,Bangalore,3.84
CP02331,Aarush Mohan,23,Bangalore,3.22
CP02332,Vedant Rao,34,Bangalore,3.27
CP02333,Yash Kapoor,34,Bangalore,2.97
CP02334,Manav Iyer,21,Hyderabad,3.31
CP02335,Tanish Tiwari,34,Bangalore,2.2
CP02336,Vivaan Bedi,34,Bangalore,4.6
CP02337,Riya Chopra,45,Bangalore,3.43
CP02338,Aarav Rathi,44,Bangalore,3.49
CP02339,Lakshya Hegde,43,Bangalore,2.19
CP02340,Diya Tiwari,36,Hyderabad,4.64
CP02341,Aadhya Reddy,27,Bangalore,3.25
CP02342,Ivaan Kapoor,18,Bangalore,2.58
CP02343,Chaitanya Luthra,23,Bangalore,3.82
CP02344,Daksh Choudhury,33,Bangalore,4.91
CP02345,Mayank Prasad,,Hyderabad,2.86
CP02346,Kabir Raina,45,Bangalore,3.64
CP02347,Krishna Kaushik,21,Hyderabad,4.58
CP02348,Tanvi Khandelwal,25,Bangalore,2.47
CP02349,Saanvi Mehta,19,Hyderabad,2.15
CP02350,Diya Dey,37,Bangalore,4.91
CP02351,Diya Menon,26,Bangalore,4.4
CP02352,Chaitanya Agarwal,38,Bangalore,2.3
CP02353,Keshav Khurana,30,Hyderabad,4.96
CP02354,Lakshya Saxena,19,Bangalore,3.19
CP02355,Ananya Mahajan,31,Bangalore,2.47
CP02356,Hrithik Ghosh,,Bangalore,3.34
CP02357,Aarav Bhargava,18,Hyderabad,2.32
CP00661,Sahil Kaul,30,Bangalore,2.26
CP02359,Ivaan Laghate,34,Bangalore,3.27
CP02360,Sahil Chandra,20,Bangalore,4.3
CP02361,Aarush Khurana,36,Hyderabad,2.57
CP02362,Yash Bhatt,36,Hyderabad,4.36
CP02363,Zain Naidu,42,Bangalore,3.69
CP02364,Tanmay Menon,33,Bangalore,3.32
CP02365,Rehan Kumar,28,Hyderabad,2.41
CP02366,Riya Puri,18,Bangalore,4.25
CP02367,Parth Tiwari,23,Bangalore,3.12
,Yashwant Chopra,34,Hyderabad,4.33
CP02369,Ritesh Das,18,Bangalore,3.23
CP02370,Daksh Agarwal,23,Bangalore,3.55
CP02371,Kavya Kulkarni,18,Bangalore,4.15
CP02372,Samar Ranganathan,26,Hyderabad,4.04
CP02373,Yash Bhat,32,Bangalore,4.3
CP02374,Krishna Reddy,,Bangalore,2.48
CP02375,Akash Saxena,32,Hyderabad,3.96
,Yash Raina,45,Bangalore,2.82
CP02377,Tejas Choudhury,39,Bangalore,2.57
CP02378,Lakshya Chandra,,Bangalore,2.83
CP02379,Abhinav Iyer,44,Bangalore,2.83
CP02380,Hitesh Rao,23,Bangalore,4.44
CP00661,Arjun Kumar,25,Bangalore,4.85
CP00661,Prithvi Verghese,18,Hyderabad,4.44
CP00661,Falguni Sood,32,Bangalore,3.9
CP02384,Ivaan Saxena,22,Bangalore,3.62
CP02385,Yashwant Verma,37,Hyderabad,4.67
CP02386,Prithvi Chopra,35,Bangalore,3.39
CP02387,Yuvraj Bhargava,31,Hyderabad,2.62
CP02388,Kunal Sehgal,,Hyderabad,2.09
CP02389,Omkar Gupta,,Bangalore,4.2
CP02390,Saanvi Khanna,32,Bangalore,2.7
CP02391,Vivaan Dutta,25,Bangalore,4.19
CP02392,Keshav Khanna,32,Bangalore,4.81
CP02393,Pranav Gupta,22,Bangalore,4.65
CP00661,Vihaan Thakur,34,Bangalore,3.43
CP02395,Vihaan Shukla,30,Bangalore,4.2
CP02396,Aarav Hegde,22,Hyderabad,2.46
CP02397,Neha Jain,30,Hyderabad,3.24
,Aadhya Sinha,20,Hyderabad,4.14
CP00661,Meera Hegde,19,Hyderabad,2.06
CP02400,Yash Wadhwa,,Hyderabad,3.78
CP02401,Eshan Sharma,35,Hyderabad,2.71
CP02402,Esha Mehta,23,Bangalore,2.42
CP02403,Ayaan Khanna,23,Bangalore,3.67
CP02404,Aniket Thakur,22,Bangalore,2.53
CP02405,Zain Ranganathan,33,Hyderabad,2.78
CP02406,Lakshya Nair,33,Bangalore,4.84
CP02407,Dhriti Balan,27,Bangalore,3.55
CP02408,Chaitanya Jain,36,Bangalore,4.31
CP02409,Kavya Rao,26,Bangalore,2.26
CP02410,Varun Rao,32,Hyderabad,2.72
CP02411,Naman Puri,18,Hyderabad,2.49
CP02412,Rehan Reddy,30,Hyderabad,2.65
CP02413,Bhavya Rao,30,Hyderabad,2.73
CP02414,Myra Rajan,32,Bangalore,3.51
CP02415,Kunal Rathi,19,Bangalore,2.09
CP02416,Falguni Dey,33,Bangalore,4.92
CP02417,Yash Gupta,,Hyderabad,3.02
CP02418,Jay Rao,21,Bangalore,3.04
CP02419,Rohan Reddy,32,Bangalore,2.98
CP02420,Uday Agarwal,,Bangalore,2.44
CP02421,Aniket Ranganathan,28,Bangalore,3.08
CP02422,Anvay Sehgal,27,Bangalore,3.74
CP02423,Eshan Bhalla,39,Hyderabad,4.74
CP02424,Anjali Khanna,,Bangalore,2.76
CP02425,Ojas Jain,27,Bangalore,3.21
CP02426,Isha Bhalla,35,Bangalore,3.02
CP02427,Isha Rathi,24,Bangalore,2.52
CP02428,Tanmay Mehta,26,Hyderabad,3.28
CP02429,Arya Chhabra,44,Bangalore,3.62
CP02430,Chaitanya Rathi,26,Bangalore,3.54
CP02431,Vihaan Rathi,,Hyderabad,2.27
CP02432,Nikhil Trivedi,32,Bangalore,2.71
CP02433,Ojas Malhotra,,Bangalore,2.11
CP02434,Aniket Luthra,45,Hyderabad,3.11
CP02435,Arjun Kapoor,25,Hyderabad,3.17
CP02436,Abhinav Goyal,26,Bangalore,4.61
CP02437,Daksh Pillai,30,Bangalore,2.77
,Darsh Patel,24,Bangalore,4.72
CP02439,Akash Dubey,29,Bangalore,2.45
CP02440,Aryan Ghosh,41,Bangalore,4.64
CP00661,Raj Balan,34,Hyderabad,3.7
CP02442,Rehan Kapoor,,Bangalore,2.5
CP02443,Vivaan Hegde,29,Bangalore,3.25
CP02444,Nikhil Iyer,,Hyderabad,3.07
CP02445,Jatin Anand,23,Hyderabad,2.73
CP02446,Vivaan Ranganathan,33,Bangalore,3.26
CP02447,Anjali Saxena,29,Bangalore,3.26
CP00661,Eshan Pillai,35,Bangalore,4.86
CP02449,Saanvi Chatterjee,37,Bangalore,2.07
CP02450,Aryan Sehgal,20,Hyderabad,4.73
CP02451,Vivaan Malhotra,28,Bangalore,4.19
CP02452,Ishita Sinha,23,Hyderabad,4.22
CP02453,Tejas Bhalla,29,Hyderabad,2.02
CP02454,Aarav Iyer,26,Bangalore,3.73
CP02455,Kiara Rathi,29,Bangalore,2.89
CP02456,Vedant Laghate,30,Hyderabad,4.24
CP02457,Aryan Wadhwa,34,Bangalore,2.02
CP02458,Ritesh Nanda,27,Bangalore,2.22
CP00661,Pranav Verghese,22,Bangalore,3.76
CP02460,Madhav Bansal,27,Bangalore,3.39
CP02461,Tanish Malhotra,19,Hyderabad,2.02
,Vivaan Malhotra,30,Bangalore,2.24
CP02463,Ananya Bhat,27,Bangalore,2.85
CP02464,Ayaan Shetty,35,Bangalore,3.65
CP02465,Ananya Vora,35,Hyderabad,2.73
CP02466,Harsh Khurana,41,Hyderabad,4.89
CP02467,Darsh Kapoor,19,Bangalore,4.31
CP02468,Samar Kaushik,23,Bangalore,3.87
CP02469,Riya Ranganathan,31,Hyderabad,4.14
CP02470,Manav Yadav,27,Bangalore,3.65
CP00661,Keshav Dey,27,Bangalore,3.32
CP02472,Kavya Anand,,Bangalore,4.39
CP02473,Aniket Chatterjee,27,Hyderabad,2.64
CP02474,Abhinav Shetty,,Bangalore,4.66
CP02475,Kunal Bhat,22,Bangalore,2.73
CP02476,Gagan Bhargava,27,Bangalore,3.54
CP02477,Priya Ghosh,20,Hyderabad,4.72
CP02478,Uday Khanna,33,Bangalore,3.99
CP02479,Sakshi Bhalla,29,Bangalore,2.71
,Dhruv Raina,,Bangalore,2.12
CP02481,Prithvi Singh,38,Bangalore,2.89
CP02482,Pranav Malhotra,22,Bangalore,2.32
CP02483,Ananya Luthra,32,Bangalore,4.35
CP02484,Ishita Sharma,18,Hyderabad,4.55
CP02485,Meera Rajan,33,Hyderabad,4.67
,Nikhil Tandon,33,Hyderabad,2.17
CP02487,Kiara Ranganathan,37,Bangalore,2.17
CP02488,Tanya Pillai,38,Hyderabad,2.3
CP02489,Yash Prasad,27,Hyderabad,2.91
CP02490,Rishabh Kapoor,37,Hyderabad,2.27
CP02491,Neha Chhabra,32,Bangalore,4.77
CP02492,Rehan Bansal,24,Bangalore,2.77
CP02493,Raj Kaul,22,Hyderabad,3.69
CP02494,Yash Verghese,29,Bangalore,3.7
CP02495,Rishabh Laghate,25,Hyderabad,4.28
CP02496,Naman Pillai,25,Bangalore,2.1
CP02497,Aniket Khurana,28,Bangalore,3.04
CP02498,Tejas Ghosh,20,Bangalore,4.02
CP02499,Yuvraj Mathur,32,Bangalore,4.58
CP02500,Aditya Desai,24,Bangalore,4.04
